id,title,description,kind,occasion_label,film,event,location,year,date_start,date_end,subjects,people,brands,magazine_issue,orientation,orientation_confidence,orientation_samples,contains_minor,minor_risk,contains_minor_confirmed,file_count,dominant_media,duplicate_folders,url,raw_folder_name
b-roll-phil-daru-ruck-100-workout-december-2025,"Phil Daru Ruck 100 — Workout, December 2025","B-roll — 110 videos. From Phil Daru Ruck 100 shot December 7, 2025. Featuring Phil Daru.",b-roll,Workout,,Phil Daru Ruck 100,,2025,2025-12-07,2025-12-08,,Phil Daru,lolli-brands,,landscape,1,5,false,none,false,112,video,3,https://drive.google.com/drive/folders/1qIenUrBNa-57K-fn1r6g7cKrSpQ_QlN1,12/7 - 12/08 '25 Phil Daru Ruck 100 RAW Footage
magazine-love-magazine-cover,Love Magazine Cover,"Magazine production files — 8 images, 1 document.",magazine,Unspecified,,,,,,,,,biohack-yourself,,,,0,false,none,false,9,image,1,https://drive.google.com/drive/folders/1Dy-Xo8zMByS9vQAZv6UYVpi5PKjS6xCJ,Love Magazine Cover
event-photography-stage-speaking,Stage — Speaking,Event photography — 251 images.,event photography,Speaking,,,,,,,,,lolli-brands,,portrait,0.6,5,false,none,false,251,image,5,https://drive.google.com/drive/folders/1YOzx0QgnObSg_15pIo6ILQUsLXiBj8Nb,Stage Photos
poster-documentary-covers-no-awards-key-art,Documentary Covers - No Awards — Key Art,Key art — 14 images.,poster,Unspecified,,,,,,,,,lolli-brands,,landscape,0.6,5,false,none,false,14,image,1,https://drive.google.com/drive/folders/14v98CYAPBCqDmAEN5CHk5LNzbywJPEsd,All Documentary Covers - No Awards
event-photography-health-issues-for-our-family-event-photogr,Health Issues for our family — Event Photography,"Event photography — 35 images, 33 videos.",event photography,Unspecified,,,,,,,,,lolli-brands,,portrait,0.6,5,true,named,false,68,image,1,https://drive.google.com/drive/folders/15nnqMvEOefWJAkGsxX8xidmNSpeTy557,Health Issues for our family
event-photography-award-event-photography,Award — Event Photography,"Event photography — 114 images, 2 videos.",event photography,Unspecified,,,,,,,,,lolli-brands,,landscape,0.8,5,false,none,false,116,image,1,https://drive.google.com/drive/folders/15czfvY6_WoFwvNJMKXCW_HoUaVV97nRS,Award Photos
logo-biohack-yourself-logos,Biohack Yourself + Logos,"Logo and wordmark files — 2 images, 2 vector files. From Biohack Yourself.",logo,Unspecified,Biohack Yourself,,,,,,,,biohack-yourself,,,,0,false,none,false,4,image,7,https://drive.google.com/drive/folders/1SbLUxYWANgRVrwyfyY5zlIsXWvcoTd1S,Biohack Yourself + Logos
event-photography-fitness-glam-family-event-photography,"Fitness, glam, family — Event Photography",Event photography — 297 images.,event photography,Unspecified,,,,,,,,,lolli-brands,,portrait,0.6,5,true,named,false,297,image,1,https://drive.google.com/drive/folders/13kqFZkDSl-8bnc1mZz9g4jhttzizX69E,"Fitness, glam, family Photos"
event-photography-the-guru-event-photography,The Guru — Event Photography,Event photography — 11 images. From The Guru.,event photography,Unspecified,The Guru,,,,,,,,lolli-brands,,square,1,5,false,none,false,22,image,3,https://drive.google.com/drive/folders/1iMxlh2VCmI9IzM21NqyIRnoAu82Nysgx,Guru
b-roll-anthony-tereza-before-studio-shoot-b-roll,Anthony & TereZa Before Studio Shoot — B-Roll,"B-roll — 46 videos. Featuring Anthony Lolli, TereZa Hakobyan-Lolli.",b-roll,Unspecified,,,,,,,anthony; tereza,,lolli-brands,,landscape,1,5,false,context,false,46,video,1,https://drive.google.com/drive/folders/1Si00um1uIlw6qpBYLoITdK6MuMMFi-aN,Anthony & Tereza Before Studio Video Shoot
event-photography-america-s-future-mara-lago-tereza-cell-pho,"America's Future Mara Lago TereZa Cell Phone — Event Photography, December 2025","Event photography — 29 images, 26 videos. Shot December 16, 2025.",event photography,Unspecified,,,,2025,2025-12-16,,,,lolli-brands,,portrait,1,5,false,context,false,55,image,1,https://drive.google.com/drive/folders/1aeNEnUnJpGZyeon4mktWRzWOH40V_wlB,25. 12/16/2025 - America's Future Mara Lago TereZa Cell Phone
b-roll-dr-andres-anthony-infectious-disease-clinic-productio,"Dr. Andres Anthony Infectious Disease — Clinic production, May 2025","B-roll — 10 images, 32 videos. From Bye Ol' Dentistry shot May 14, 2025. Featuring Anthony Lolli, Dr. Andres Anthony.",b-roll,Clinic production,Bye Ol' Dentistry,,,2025,2025-05-14,,anthony,Dr. Andres Anthony,lolli-brands,,landscape,0.8,5,false,context,false,42,video,1,https://drive.google.com/drive/folders/1mXVE6KTw_tCR8g3buznAl4B-qg7kwNP-,3. 05/14/2025 Dr. Andres Anthony Infectious Disease
event-photography-physical-evidence-event-photography,Physical Evidence — Event Photography,"Event photography — 26 images, 23 videos.",event photography,Unspecified,,,,,,,,,lolli-brands,,portrait,1,5,false,none,false,49,image,1,https://drive.google.com/drive/folders/1jaLgZhhl3slrY6kFpu1F7fpEv2MXm_R-,Physical Evidence
logo-shealed-logo-logos,sHEALed Logo — Logos,Logo and wordmark files — 1 image. From sHEALed.,logo,Unspecified,sHEALed,,,,,,,,lolli-brands,,,,0,false,none,false,1,image,1,https://drive.google.com/drive/folders/1lI7LfWkSsBO8gPHMkIbG-9ZqSuI429k6,sHEALed Logo
b-roll-broll-for-bbc-b-roll,BRoll for BBC — B-Roll,"B-roll — 3 images, 94 videos.",b-roll,Unspecified,,,,,,,,,lolli-brands,,landscape,0.8,5,false,none,false,97,video,1,https://drive.google.com/drive/folders/1y_iSz_dUFG0NsxRIO4HNv82gDRcRgrRP,BRoll for BBC
poster-cover-story-key-art,Cover Story — Key Art,Key art — 5 images.,poster,Unspecified,,,,,,,,,lolli-brands,,,,0,false,none,false,5,image,2,https://drive.google.com/drive/folders/12f61Q_nXDg_jVPw7UUOfWEmyzbgjkDDL,Cover Story
b-roll-flip-fix-event-b-roll-january-2026,"Flip & Fix Event — B-Roll, January 2026","B-roll — 129 videos. Shot January 24, 2026.",b-roll,Unspecified,,,,2026,2026-01-24,,,,lolli-brands,,landscape,1,5,false,none,false,129,video,4,https://drive.google.com/drive/folders/1O8Aaba9Cf8JWUsOZrcGvSi4JHPIa2fQW,1/24/26 Flip & Fix Event RAW Videos
poster-documentary-covers-with-awards-key-art,Documentary Covers with Awards — Key Art,Key art — 2 images.,poster,Unspecified,,,,,,,,,lolli-brands,,,,0,false,none,false,4,image,1,https://drive.google.com/drive/folders/1RihtFBtIhc4oKgur7I48V14KrLNaXy-b,All Documentary Covers with Awards
poster-the-super-lollis-covers-key-art-2026,"The Super Lollis Covers — Key Art, 2026",Key art — 2 images. From The Super Lollis from 2026.,poster,Unspecified,The Super Lollis,,,2026,2026-01-01,,,,lolli-brands,,,,0,false,none,false,4,image,1,https://drive.google.com/drive/folders/1rHTmRJlTUsNbk7vHoNTrW7vxh3WCBBcz,The Super Lollis 2026 Covers
event-photography-dr-whitfield-grand-opening-clinic-producti,"Dr. Whitfield Grand Opening — Clinic production, March 2026","Event photography — 625 images. Shot March 16, 2026. Featuring Dr. Whitfield.",event photography,Clinic production,,,,2026,2026-03-16,,,Dr. Whitfield,lolli-brands,,landscape,1,5,false,none,false,625,image,4,https://drive.google.com/drive/folders/1RTDDbHnhfSgDXduTivqZivHWis2u8ptI,7. 03/16/26 Dr. Whitfield Grand Opening RAW Photos
b-roll-phil-daru-ruck-100-dani-s-workout-december-2025,"Phil Daru Ruck 100 Dani's — Workout, December 2025","B-roll — 51 images, 124 videos. From Phil Daru Ruck 100 shot December 7, 2025. Featuring Phil Daru.",b-roll,Workout,,Phil Daru Ruck 100,,2025,2025-12-07,2025-12-08,,Phil Daru,lolli-brands,,portrait,0.8,5,false,none,false,175,video,1,https://drive.google.com/drive/folders/1SyhKIf-uEiuHgSw9kFJxrNPvJ0aFP7mb,12/7 - 12/08 '25 Phil Daru Ruck 100 Dani's Footage
b-roll-dani-phone-book-signing-miami-february-2026,"Dani Phone — Book signing, Miami, February 2026","B-roll — 11 images, 17 videos. In Miami shot February 20, 2026. Featuring Dr. Amy Shah.",b-roll,Book signing,,,Miami,2026,2026-02-20,,,Dr. Amy Shah,lolli-brands,,portrait,1,5,false,context,false,28,video,1,https://drive.google.com/drive/folders/1bCMMtnfoMrhDpGzLPrNmjQ89oW963IkS,Dani Phone Footage
event-photography-dr-amy-shah-book-signing-event-photography,"Dr. Amy Shah Book Signing — Event Photography, Miami, February 2026","Event photography — 203 images. In Miami shot February 20, 2026. Featuring Dr. Amy Shah.",event photography,Book signing,,,Miami,2026,2026-02-20,,,Dr. Amy Shah,lolli-brands,,portrait,1,5,false,context,false,203,image,4,https://drive.google.com/drive/folders/1fYnFYPUENhYm8MmLVnXmKov9ZrWHoFeN,02/20/26 Dr. Amy Shah Book Signing RAW Photos
magazine-magazine-mug,Magazine & Mug,"Magazine production files — 545 images, 34 videos. From sHEALed.",magazine,Unspecified,sHEALed,,,,,,,,biohack-yourself,,landscape,1,5,false,none,false,579,image,2,https://drive.google.com/drive/folders/1noWOGRf-YdQlucThw1E9um-l2fnhwDNo,_Magazine & Mug Shots
b-roll-dr-whitfield-morning-tour-clinic-production-march-202,"Dr. Whitfield Morning Tour — Clinic production, March 2026","B-roll — 40 videos. Shot March 16, 2026. Featuring Dr. Whitfield, Dr. Whitfield Morning.",b-roll,Clinic production,,,,2026,2026-03-16,,,Dr. Whitfield; Dr. Whitfield Morning,lolli-brands,,landscape,1,5,false,none,false,80,video,1,https://drive.google.com/drive/folders/1Lcl5XIUP6QWDNx_uWvBpjKinaeeHaGFG,7. 03/16/26 Dr. Whitfield Morning Tour RAW Videos
magazine-bhyf-1225-final-pdfs-issue-3-magazine,BHYF_1225_FINAL_PDFS — Issue #3 — Magazine,Magazine production files — 101 documents. Featuring Lara Trump.,magazine,Unspecified,,,,,,,,Lara Trump,biohack-yourself,3,,0,0,false,none,false,102,document,2,https://drive.google.com/drive/folders/1WYcr2CkQi6P5EkXCoQaIQzfk47-5pJMJ,BHYF_1225_FINAL_PDFS
magazine-ashton-hall-issue-8-cover-shoot,Ashton Hall — Issue #8 — Cover shoot,"Magazine production files — 3,202 images. Featuring Ashton Hall.",magazine,Cover shoot,,,,,,,,Ashton Hall,biohack-yourself,8,portrait,1,5,false,none,false,3202,image,7,https://drive.google.com/drive/folders/1hASHG85tgTa9MANS_r--ihaSgVI_M-ct,Ashton Hall Raw Photos
b-roll-robert-deniro-film-b-roll,Robert DeNiro Film — B-Roll,"B-roll — 60 images, 87 videos.",b-roll,Unspecified,,,,,,,,,lolli-brands,,portrait,1,5,false,none,false,147,video,1,https://drive.google.com/drive/folders/1_dZDpSvW9xE2I9xa90qTCL7lk7bJRt2_,17. Robert DeNiro Film
event-photography-dr-gabrielle-lyon-book-signing-event-photo,"Dr. Gabrielle Lyon Book Signing — Event Photography, January 2026","Event photography — 1,515 images. Shot January 27, 2026. Featuring Dr. Gabrielle Lyon.",event photography,Book signing,,,,2026,2026-01-27,,,Dr. Gabrielle Lyon,lolli-brands,,portrait,1,5,false,context,false,1515,image,3,https://drive.google.com/drive/folders/1gBCFFHTeYOB8oUcwaxPhN-SN_dK-fzSZ,1/27/26 Dr. Gabrielle Lyon Book Signing RAW Photos
poster-andrew-tate-main-cover-key-art,*Andrew Tate Main Cover — Key Art,Key art — 1 image. Featuring Andrew Tate.,poster,Cover shoot,,,,,,,,Andrew Tate,lolli-brands,,,,0,false,none,false,1,image,1,https://drive.google.com/drive/folders/15w4R2XfucCpHW_6wWF1q3p_M1219uTjD,*Andrew Tate Main Cover
b-roll-before-workout,Before — Workout,B-roll — 413 videos.,b-roll,Workout,,,,,,,,,lolli-brands,,portrait,1,5,false,none,false,413,video,1,https://drive.google.com/drive/folders/15v8JKu8FM6btQMO_BvbL-qVLvDuyw7Tj,Before Videos
document-bye-ol-dentistry-transcripts-long-form-documents,Bye Ol’ Dentistry Transcripts Long Form — Documents,Documents — 47 documents. From Bye Ol' Dentistry.,document,Unspecified,Bye Ol' Dentistry,,,,,,,,lolli-brands,,,,0,false,none,false,47,document,1,https://drive.google.com/drive/folders/1rkdSRwLNJDWYAPOpxlL5hCU-SKMRA2hb,6. Bye Ol’ Dentistry Transcripts Long Form
magazine-biohack-yourself-issue-5-magazine,Biohack Yourself — Issue #5 — Magazine,Magazine production files — 2 images. From Biohack Yourself. Featuring Andrew Tate.,magazine,Unspecified,Biohack Yourself,,,,,,,Andrew Tate,biohack-yourself,5,,,0,false,none,false,2,image,9,https://drive.google.com/drive/folders/1L_zRaxniW0QTPX96xVbjNo2gkGg4xcTh,5. LOGOS
magazine-biohack-yourself-magazine-cover-feature-issue-5,Biohack Yourself Magazine - Cover & Feature — Issue #5,"Magazine production files — 1 image, 1 document. From Biohack Yourself. Featuring Andrew Tate.",magazine,Unspecified,Biohack Yourself,,,,,,,Andrew Tate,biohack-yourself,5,,,0,false,none,false,2,image,1,https://drive.google.com/drive/folders/1-XvueMiSpzxWWf25Z959xUwXAVDZkFJl,Biohack Yourself Magazine Assets - Cover & Feature
magazine-warrior-s-choice-foundation-lara-trump-magazine-sig,"Warrior's Choice Foundation - Lara Trump Magazine Signing — Book signing, November 2025","Magazine production files — 534 images, 10 videos. From Warrior's Choice Foundation shot November 10, 2025. Featuring Lara Trump.",magazine,Book signing,,Warrior's Choice Foundation,,2025,2025-11-10,,,Lara Trump,biohack-yourself,,portrait,1,5,false,context,false,544,image,1,https://drive.google.com/drive/folders/1x9qAdBbsXqUcsjhDSP4Y9eIHaPjNzNHd,18. 11/10/2025 - Warrior's Choice Foundation - Lara Trump Magazine Signing
event-photography-hack-your-health-project-event-photography,"Hack Your Health — Project — Event Photography, November 2025","Event photography — 8 images, 4 videos, 4 audio files, 2 vector files. From Hack Your Health shot November 13, 2025.",event photography,Unspecified,,Hack Your Health,,2025,2025-11-13,2025-11-15,,,biohack-yourself,,landscape,0.8,5,false,none,false,19,image,3,https://drive.google.com/drive/folders/1Er9BfQs32qbi8o9ss58WHpwZK4O5tC_x,Project Files
magazine-andrew-tate-cover-star-biohack-yourself-issue-5-mag,Andrew Tate (Cover Star) - Biohack Yourself Issue #5 Magazine — Issue #5,Magazine production files — 3 videos. From Biohack Yourself. Featuring Andrew Tate.,magazine,Unspecified,Biohack Yourself,,,,,,,Andrew Tate,biohack-yourself,5,,,0,false,none,false,3,video,1,https://drive.google.com/drive/folders/15ocP188BvxA67_aWnHphdt1kstDJMVom,Andrew Tate (Cover Star) - Biohack Yourself Issue #5 Magazine Deliverables
b-roll-gagik-b-roll,Gagik — B-Roll,"B-roll — 2 images, 15 videos.",b-roll,Unspecified,,,,,,,,,lolli-brands,,portrait,1,5,false,none,false,17,video,1,https://drive.google.com/drive/folders/1qaUTvxjafgOeisrc-jaI_vkXuxUip_Uk,Gagik Footage
magazine-warrior-s-choice-foundation-book-signing-november-2,"Warrior's Choice Foundation — Book signing, November 2025","Magazine production files — 265 videos. From Warrior's Choice Foundation shot November 10, 2025. Featuring Lara Trump.",magazine,Book signing,,Warrior's Choice Foundation,,2025,2025-11-10,,,Lara Trump,biohack-yourself,,landscape,1,5,false,context,false,265,video,1,https://drive.google.com/drive/folders/1ZSKwwI-oGnt5s0G9C5Nwg-Z9YE9ho45x,Warrior's Choice Foundation RAW Videos
event-photography-a4m-red-carpet-carousel-images-for-ig-prem,"A4M Red Carpet — Carousel images for IG — Premiere, December 2024","Event photography — 17 images. From A4M Red Carpet shot December 15, 2024.",event photography,Premiere,Biohack Yourself,A4M Red Carpet,,2024,2024-12-15,,,,biohack-yourself,,landscape,0.8,5,false,context,false,17,image,1,https://drive.google.com/drive/folders/1-R07ltcOFmdc32Ewvsh6h8WVA_fIBssA,Carousel images for IG
magazine-exhibitor-issue-4-magazine,Exhibitor — Issue #4 — Magazine,Magazine production files — 26 images. Featuring Dr. Gabrielle Lyon.,magazine,Unspecified,,,,,,,,Dr. Gabrielle Lyon,biohack-yourself,4,square,1,5,false,none,false,26,image,1,https://drive.google.com/drive/folders/1gb3ZfQ6Ji0DmGgGGi0OhDWFncx9DI13i,Exhibitor Thumbnails
b-roll-maha-inaugural-ball-dr-v-talks-speaking-january-2025,"MAHA Inaugural Ball — Dr. V Talks — Speaking, January 2025","B-roll — 12 videos. From MAHA Inaugural Ball shot January 20, 2025.",b-roll,Speaking,,MAHA Inaugural Ball,,2025,2025-01-20,,,,biohack-yourself,,portrait,1,5,false,none,false,12,video,1,https://drive.google.com/drive/folders/1c07hvd4neDFzlgL38KFmajVvwOBjHX0d,Dr. V Talks
b-roll-sunscreen-film-festival-hannah-b-roll-april-2025,"SunScreen Film Festival — Hannah — B-Roll, April 2025","B-roll — 4 images, 16 videos. From SunScreen Film Festival shot April 24, 2025.",b-roll,Festival,,SunScreen Film Festival,,2025,2025-04-24,,,,biohack-yourself,,portrait,1,5,false,context,false,20,video,1,https://drive.google.com/drive/folders/10fvbMNZqGdPor8w4NtfWWxzTuJN3XzL-,Hannah RAW
b-roll-dr-alan-bauman-b-roll-september-2025,"Dr. Alan Bauman — B-Roll, September 2025","B-roll — 68 videos. Shot September 12, 2025. Featuring Dr. Alan Bauman.",b-roll,Unspecified,,,,2025,2025-09-12,,,Dr. Alan Bauman,lolli-brands,,landscape,1,5,false,none,false,68,video,2,https://drive.google.com/drive/folders/1AXHrbRT_NrIGkcIMqXpkROaTNBYuHwFy,12/05/25 Dr. Alan Bauman RAW Videos
event-photography-maha-inaugural-ball-maha-ball-event-photog,"MAHA Inaugural Ball — MAHA Ball — Event Photography, January 2025","Event photography — 942 images, 2 videos. From MAHA Inaugural Ball shot January 20, 2025.",event photography,Unspecified,,MAHA Inaugural Ball,,2025,2025-01-20,,,,biohack-yourself,,portrait,1,5,false,none,false,944,image,1,https://drive.google.com/drive/folders/1-aB8lCKQOhB70mek7O-0ICw4uu1V5yxx,2. 1/20/2025 - MAHA Ball
b-roll-sas-turning-point-tampa-b-roll-july-2025,"SAS Turning Point Tampa — B-Roll, July 2025","B-roll — 210 videos. From SAS Turning Point in Tampa shot July 12, 2025.",b-roll,Unspecified,,SAS Turning Point,Tampa,2025,2025-07-12,,,,lolli-brands,,landscape,1,5,false,none,false,212,video,1,https://drive.google.com/drive/folders/1LAMuHm2zLxyzzX6PRXNbqd-b6zaFGyXl,SAS Turning Point Tampa RAW Videos
b-roll-ultimate-wellness-conference-miami-b-roll-september-2,"Ultimate Wellness Conference Miami — B-Roll, September 2025","B-roll — 12 videos. In Miami shot September 28, 2025.",b-roll,Conference,,,Miami,2025,2025-09-28,,,,lolli-brands,,portrait,1,5,false,none,false,12,video,1,https://drive.google.com/drive/folders/18Li4Y_Uo5xqXO-C0RluXozrjCslS6cr1,2025 Ultimate Wellness Conference Miami
event-photography-the-cold-collective-event-photography-july,"The Cold Collective — Event Photography, July 2025","Event photography — 11 images, 10 videos. Shot July 13, 2025.",event photography,Unspecified,,,,2025,2025-07-13,,,,lolli-brands,,portrait,1,5,false,none,false,21,image,1,https://drive.google.com/drive/folders/19IFe05bT1XXZ5o91-2m-40XoqU1KeEZ8,9. 7/13/2025 - The Cold Collective
b-roll-sas-turning-point-b-roll-tampa-july-2025,"SAS Turning Point — B-Roll, Tampa, July 2025","B-roll — 26 videos. From SAS Turning Point in Tampa shot July 12, 2025.",b-roll,Unspecified,,SAS Turning Point,Tampa,2025,2025-07-12,,,,lolli-brands,,portrait,1,5,false,none,false,26,video,1,https://drive.google.com/drive/folders/14K0w1fNCpvPXRVtkkmzP1naRy3fIc0-2,SAS Shorts
event-photography-ufc-aires-tech-roundtable-aires-tech-brain,"UFC × Aires Tech Roundtable — Aires Tech Brain Scan — Event Photography, May 2025","Event photography — 25 images, 1 video. From UFC × Aires Tech Roundtable shot May 23, 2025.",event photography,Unspecified,,UFC × Aires Tech Roundtable,,2025,2025-05-23,,,,lolli-brands,,portrait,1,5,false,none,false,26,image,1,https://drive.google.com/drive/folders/1yjZb8mJmUGRezHFqD5SEYXZ67CaYEo-U,11. 05/23/25 - Aires Tech Brain Scan
interview-25-zenos-health-summit-sit-down-interviews-confere,"‘25 Zenos Health Summit Sit Down Interviews — Conference, October 2025","Interview footage — 5 videos, 5 documents. From Zenos Health Summit shot October 23, 2025.",interview,Conference,,Zenos Health Summit,,2025,2025-10-23,2025-10-25,,,biohack-yourself,,landscape,1,5,false,none,false,10,video,1,https://drive.google.com/drive/folders/1hWwxGnX3cEcb_YqZURIk1Gmjs_gEa7zO,10/23-25 ‘25 Zenos Health Summit Sit Down Interviews
b-roll-anthony-lolli-phone-b-roll-september-2025,"Anthony Lolli Phone — B-Roll, September 2025","B-roll — 14 images, 19 videos. Shot September 28, 2025. Featuring Anthony Lolli.",b-roll,Unspecified,,,,2025,2025-09-28,,anthony,,lolli-brands,,portrait,1,5,false,context,false,33,video,1,https://drive.google.com/drive/folders/1ZG0XCr73Dgsk_UMVwmIXMTwwNmN46X4Y,Anthony Lolli Phone Footage
b-roll-luca-cell-phone-b-roll-september-2025,"Luca Cell Phone — B-Roll, September 2025","B-roll — 40 videos. Shot September 28, 2025.",b-roll,Unspecified,,,,2025,2025-09-28,,,,lolli-brands,,portrait,1,5,false,none,false,40,video,1,https://drive.google.com/drive/folders/161KWCAKeKgiNRZ-CYLHi7xSFTRu3iTCv,Luca Cell Phone Footage
b-roll-zenos-health-summit-emma-conference-october-2025,"Zenos Health Summit Emma — Conference, October 2025","B-roll — 15 images, 57 videos. From Zenos Health Summit shot October 23, 2025.",b-roll,Conference,,Zenos Health Summit,,2025,2025-10-23,2025-10-25,,,biohack-yourself,,portrait,1,5,false,none,false,72,video,1,https://drive.google.com/drive/folders/11ny-uBQTDDrrbWnfdzsUlLWIu5zvEk7J,10/23-25 '25 Zenos Health Summit Emma Folder
b-roll-bloom-tv-b-roll-august-2025,"Bloom TV — B-Roll, August 2025","B-roll — 125 videos. Shot August 28, 2025.",b-roll,Unspecified,,,,2025,2025-08-28,,,,lolli-brands,,landscape,1,5,false,none,false,125,video,2,https://drive.google.com/drive/folders/1fjZGPhmPWIIWADLtA1YjeXflH5GmSNl6,Bloom TV RAW Video
event-photography-zenos-health-summit-favorite-conference-oc,"Zenos Health Summit Favorite — Conference, October 2025","Event photography — 26 images. From Zenos Health Summit shot October 23, 2025.",event photography,Conference,,Zenos Health Summit,,2025,2025-10-23,2025-10-25,,,biohack-yourself,,landscape,0.8,5,false,none,false,26,image,1,https://drive.google.com/drive/folders/1BLrLwCcXUyLqCLs80IzF31ZfQpoJqn36,10/23-25 '25 Zenos Health Summit Favorite Photos
b-roll-anthony-lolli-vibe-con-cell-b-roll,Anthony Lolli Vibe Con Cell — B-Roll,"B-roll — 2 images, 7 videos. Featuring Anthony Lolli.",b-roll,Unspecified,,,,,,,anthony,,lolli-brands,,portrait,1,5,false,context,false,10,video,2,https://drive.google.com/drive/folders/1zUE7_QxhxU6ZzefqUxvofxFLVfx2d2iN,Anthony Lolli Vibe Con Cell Footage
bts-maha-inaugural-ball-maha-ball-iphone-behind-the-scenes-j,"MAHA Inaugural Ball — MAHA Ball iPhone — Behind the Scenes, January 2025","Behind-the-scenes coverage — 20 images, 59 videos. From MAHA Inaugural Ball shot January 20, 2025.",BTS,Unspecified,,MAHA Inaugural Ball,,2025,2025-01-20,,,,biohack-yourself,,portrait,1,5,false,none,false,80,video,1,https://drive.google.com/drive/folders/1oGUpQynQvfATtffGHiAg3ybR1KQk7DNC,MAHA Ball iPhone BTS
b-roll-tereza-cell-clinic-production-january-2026,"TereZa Cell — Clinic production, January 2026","B-roll — 45 images, 92 videos. From Bye Ol' Dentistry shot January 5, 2026. Featuring Dr. Yuriy May.",b-roll,Clinic production,Bye Ol' Dentistry,,,2026,2026-01-05,2026-01-06,,Dr. Yuriy May,lolli-brands,,portrait,0.8,5,false,context,false,137,video,3,https://drive.google.com/drive/folders/1uzfvydL-vo7wvj9QPSYhlCqMG6-7HssA,TereZa Cell footage
logo-biohack-logo-with-r-logos,BIOHACK LOGO with R — Logos,"Logo and wordmark files — 5 images, 2 documents.",logo,Unspecified,,,,,,,,,biohack-yourself,,,,0,false,none,false,7,image,1,https://drive.google.com/drive/folders/18Td6mUjqEGROleHZbxJ3KXCV0W4d-ZF8,BIOHACK LOGO with R
event-photography-anthony-lolli-cell-conference-september-20,"Anthony Lolli Cell — Conference, September 2025","Event photography — 48 images, 34 videos. Shot September 26, 2025.",event photography,Conference,,,,2025,2025-09-26,2025-09-27,,,lolli-brands,,portrait,1,5,false,context,false,82,image,1,https://drive.google.com/drive/folders/1t9C2ZgQ2zVzJ3amGEGNUlRoYvS89U2fj,Anthony Lolli Cell Footage
event-photography-tereza-lolli-cell-clinic-production-august,"TereZa Lolli Cell — Clinic production, August 2025","Event photography — 64 images, 47 videos. From Bye Ol' Dentistry shot August 14, 2025. Featuring TereZa Hakobyan-Lolli, Dr. Jigar.",event photography,Clinic production,Bye Ol' Dentistry,,,2025,2025-08-14,2025-08-16,tereza,Dr. Jigar,lolli-brands,,portrait,0.6,5,false,context,false,111,image,2,https://drive.google.com/drive/folders/158qE9sqDfyA1yisjaE_SzTeeOj5ZZB2c,TereZa Lolli Cell Footage
b-roll-fountain-life-amen-clinics-b-roll,Fountain Life & Amen Clinics — B-Roll,B-roll — 12 videos.,b-roll,Clinic production,,,,,,,,,lolli-brands,,,0,0,false,none,false,12,video,1,https://drive.google.com/drive/folders/1ruhz2ZyPqhGGif90AtnnKWmVAlEUC1tz,Fountain Life & Amen Clinics
b-roll-anthony-lolli-miami-wellness-phone-b-roll,Anthony Lolli Miami Wellness Phone — B-Roll,"B-roll — 14 images, 19 videos. In Miami. Featuring Anthony Lolli.",b-roll,Unspecified,,,Miami,,,,anthony,,lolli-brands,,portrait,1,5,false,context,false,33,video,1,https://drive.google.com/drive/folders/1iRIVHXfAVJmNxMSd6IMcNgk_cl5UwA34,Anthony Lolli Miami Wellness Phone Footage
event-photography-cannes-film-festival-shealed-fan-event-pho,Cannes Film Festival — sHEALed Fan — Event Photography,Event photography — 64 images. From Cannes Film Festival in Cannes.,event photography,Festival,sHEALed,Cannes Film Festival,Cannes,,,,,,lolli-brands,,portrait,1,5,false,context,false,111,image,2,https://drive.google.com/drive/folders/1_QOOzFI3Ll0fD0wGF3SKlk-XeWjOF7rk,sHEALed Fan Thumbnails
b-roll-hack-your-health-iphone-b-roll-november-2025,"Hack Your Health — iphone — B-Roll, November 2025","B-roll — 4 images, 142 videos. From Hack Your Health shot November 13, 2025.",b-roll,Unspecified,,Hack Your Health,,2025,2025-11-13,2025-11-15,,,biohack-yourself,,portrait,1,5,false,none,false,146,video,9,https://drive.google.com/drive/folders/1CQsVYNtn0u-Jg3-5aLxAQRdH2wu1QNQO,iphone
event-photography-finalist-event-photography,Finalist — Event Photography,Event photography — 11 images. From The Guru.,event photography,Unspecified,The Guru,,,,,,,,lolli-brands,,landscape,1,5,false,none,false,11,image,4,https://drive.google.com/drive/folders/1ZhqOeMfcyZruv4h4eSxFrRDZ6O7WSPqd,Finalist
event-photography-step-repeat-book-signing-january-2026,"Step & Repeat — Book signing, January 2026","Event photography — 149 images. Shot January 27, 2026. Featuring Dr. Gabrielle Lyon.",event photography,Book signing,,,,2026,2026-01-27,,,Dr. Gabrielle Lyon,lolli-brands,,portrait,0.6,5,false,context,false,150,image,5,https://drive.google.com/drive/folders/1Wvhh18uno_orHBkaOD_CXfZOpJHGlMPf,Step & Repeat Photos
event-photography-official-selection-festival,Official Selection — Festival,Event photography — 15 images. From Biohack Yourself.,event photography,Festival,Biohack Yourself,,,,,,,,biohack-yourself,,landscape,1,5,false,context,false,15,image,2,https://drive.google.com/drive/folders/19Fze3Vp1AvyKEFqaCPuN3lUXaCXKfK7K,Official Selection
b-roll-dr-gabrielle-lyon-book-signing-darynn-b-roll-january-,"Dr. Gabrielle Lyon Book Signing Darynn — B-Roll, January 2026","B-roll — 16 videos. Shot January 27, 2026. Featuring Dr. Gabrielle Lyon.",b-roll,Book signing,,,,2026,2026-01-27,,,Dr. Gabrielle Lyon,lolli-brands,,portrait,1,5,false,context,false,16,video,1,https://drive.google.com/drive/folders/1tJpmNp_63d9igvU4xJym3jVwxZInwFc5,01/27/26 Dr. Gabrielle Lyon Book Signing Reels Darynn
event-photography-award-winner-event-photography,Award Winner — Event Photography,Event photography — 20 images. From The Guru.,event photography,Unspecified,The Guru,,,,,,,,lolli-brands,,landscape,1,5,false,none,false,20,image,4,https://drive.google.com/drive/folders/1KCBzL-VimL-jdskfsxDnpyzrWD2Uvjg7,Award Winner
event-photography-semi-finalist-event-photography,Semi-Finalist — Event Photography,Event photography — 12 images. From The Super Lollis.,event photography,Unspecified,The Super Lollis,,,,,,,,lolli-brands,,landscape,1,5,false,none,false,12,image,5,https://drive.google.com/drive/folders/1hJq2X4rIybmv-cIRUesmP84aeuUhuuDN,Semi-Finalist
event-photography-biohack-yourself-team-book-signing-january,"Biohack Yourself Team — Book signing, January 2026","Event photography — 41 images. From Biohack Yourself shot January 27, 2026. Featuring Dr. Gabrielle Lyon.",event photography,Book signing,Biohack Yourself,,,2026,2026-01-27,,,Dr. Gabrielle Lyon,biohack-yourself,,landscape,0.8,5,false,context,false,41,image,2,https://drive.google.com/drive/folders/1kYLQTV_Ddn7chNPBCqxndDrL0P1WcwdC,Biohack Yourself Team Photo
b-roll-hack-your-health-lolli-family-interview-november-2025,"Hack Your Health — Lolli Family — Interview, November 2025","B-roll — 6 videos. From Hack Your Health shot November 13, 2025.",b-roll,Interview,,Hack Your Health,,2025,2025-11-13,2025-11-15,,,biohack-yourself,,landscape,1,2,true,named,false,12,video,3,https://drive.google.com/drive/folders/1X0t_fOe-u1OqCAeEx2xvv9I9wHmjDQJ0,06. Lolli Family
event-photography-evening-panel-q-a-session-book-signing-jan,"Evening Panel Q&A Session — Book signing, January 2026","Event photography — 46 images. Shot January 27, 2026. Featuring Dr. Gabrielle Lyon.",event photography,Book signing,,,,2026,2026-01-27,,,Dr. Gabrielle Lyon,lolli-brands,,landscape,0.6,5,false,context,false,46,image,2,https://drive.google.com/drive/folders/184z2b26zWR87cRUm_FcMWFXOEQT7Nbzb,Evening Panel Q&A Session
b-roll-samantha-book-signing-january-2026,"Samantha — Book signing, January 2026","B-roll — 23 videos. Shot January 27, 2026.",b-roll,Book signing,,,,2026,2026-01-27,,,,lolli-brands,,portrait,1,5,false,context,false,23,video,1,https://drive.google.com/drive/folders/1OrJAOwT5s9Pya6rotfAYFNqkcy6XJA7G,Samantha Footage
magazine-by-spring-2025-final-pdfs-issue-1-magazine,BY SPRING_2025_FINAL_PDFS — Issue #1 — Magazine,Magazine production files — 89 documents. Featuring Dr. Amen.,magazine,Unspecified,,,,,,,,Dr. Amen,biohack-yourself,1,,0,0,false,none,false,90,document,1,https://drive.google.com/drive/folders/1eG_8nAiKXOqrfNgi25mPSwF4XTxc15sj,BY SPRING_2025_FINAL_PDFS
event-photography-morning-workout-session-book-signing-janua,"Morning Workout Session — Book signing, January 2026","Event photography — 35 images. Shot January 27, 2026. Featuring Dr. Gabrielle Lyon.",event photography,Book signing,,,,2026,2026-01-27,,,Dr. Gabrielle Lyon,lolli-brands,,landscape,1,5,false,context,false,35,image,2,https://drive.google.com/drive/folders/1grNIpJOSddt1rdH8-HF0eMLSOBYjfOyS,Morning Workout Session
logo-icon-logos,ICON — Logos,"Logo and wordmark files — 7 images, 1 document, 13 vector files.",logo,Unspecified,,,,,,,,,lolli-brands,,square,1,5,false,none,false,21,vector,1,https://drive.google.com/drive/folders/18pKOWdoQ7R6n9qxcbETMrM1gJAMXDIJr,ICON
event-photography-evening-guest-book-signing-january-2026,"Evening Guest — Book signing, January 2026","Event photography — 93 images. Shot January 27, 2026. Featuring Dr. Gabrielle Lyon.",event photography,Book signing,,,,2026,2026-01-27,,,Dr. Gabrielle Lyon,lolli-brands,,landscape,0.8,5,false,context,false,94,image,2,https://drive.google.com/drive/folders/1Nav-r0U9pnvLV5sPp9RZ2zugFPNciWe2,Evening Guest Photos
logo-horizontal-lock-up-logo-logos,HORIZONTAL LOCK UP LOGO — Logos,"Logo and wordmark files — 7 images, 1 document, 14 vector files.",logo,Unspecified,,,,,,,,,lolli-brands,,landscape,1,5,false,none,false,22,vector,1,https://drive.google.com/drive/folders/1gBkK6OClu3ELnBS81I4WsAnLF0erghDf,HORIZONTAL LOCK UP LOGO
logo-vertical-lockup-logo-logos,VERTICAL LOCKUP LOGO — Logos,"Logo and wordmark files — 9 images, 1 document, 12 vector files.",logo,Unspecified,,,,,,,,,lolli-brands,,landscape,1,5,false,none,false,22,vector,1,https://drive.google.com/drive/folders/1w2auNG5_wIsZS0usPts7WSepK7VEK2Wk,VERTICAL LOCKUP LOGO
b-roll-dani-s-book-signing-january-2026,"Dani's — Book signing, January 2026","B-roll — 17 images, 89 videos. Shot January 27, 2026.",b-roll,Book signing,,,,2026,2026-01-27,,,,lolli-brands,,portrait,1,5,false,context,false,106,video,1,https://drive.google.com/drive/folders/1p3C2rg9150qibHDWLGe-BTqAZ32c9lDq,Dani's Footage
event-photography-versions-event-photography,Versions — Event Photography,Event photography — 10 images. From Biohack Yourself.,event photography,Unspecified,Biohack Yourself,,,,,,,,biohack-yourself,,landscape,1,5,false,none,false,10,image,1,https://drive.google.com/drive/folders/1z7LxN877ZGLn2D1jR0oFYzPZR9hwYdT3,Old Versions
magazine-document-fonts-issue-1-magazine,Document fonts — Issue #1 — Magazine,Magazine production files — 20 files. Featuring Dr. Amen.,magazine,Unspecified,,,,,,,,Dr. Amen,biohack-yourself,1,portrait,1,5,false,none,false,20,other,5,https://drive.google.com/drive/folders/1pY1ZsqJ9ZzOvcQyN-xjS3vH_w_6hw4F5,Document fonts
b-roll-klaudia-book-signing-january-2026,"Klaudia — Book signing, January 2026","B-roll — 40 videos. Shot January 27, 2026.",b-roll,Book signing,,,,2026,2026-01-27,,,,lolli-brands,,portrait,1,5,false,context,false,42,video,4,https://drive.google.com/drive/folders/1EZ9cDrgn2KPJAZoiE_ym003s61uYsjwC,Klaudia Footage
audio-bye-ol-dentistry-clinic-production-may-2026,"Bye Ol' Dentistry — Clinic production, May 2026","Audio — 21 audio files. From Bye Ol' Dentistry shot May 8, 2026.",audio,Clinic production,Bye Ol' Dentistry,,,2026,2026-05-08,,,,lolli-brands,,,0,0,false,none,false,21,audio,11,https://drive.google.com/drive/folders/1v1vy_eIyCHQx8ruDS4RJdQHJTRyqmpol,Audio Files
logo-wordmark-only-logos,Wordmark Only — Logos,"Logo and wordmark files — 8 images, 1 document, 12 vector files.",logo,Unspecified,,,,,,,,,lolli-brands,,landscape,1,5,false,none,false,21,vector,1,https://drive.google.com/drive/folders/1Z1wjV7RQh-AzElizC577ullcbYvE_6bU,Wordmark Only
magazine-links-issue-2-magazine,Links — Issue #2 — Magazine,"Magazine production files — 76 images, 26 documents, 1 vector file. Featuring Gary Brecka.",magazine,Unspecified,,,,,,,,Gary Brecka,biohack-yourself,2,landscape,0.6,5,false,none,false,131,image,3,https://drive.google.com/drive/folders/1Tr1a-GTLU_Z_VZ6ZxtVl33pzgZPcS9dE,Links
poster-revised-collage-movie-cover-key-art,REVISED COLLAGE MOVIE COVER — Key Art,Key art — 3 files.,poster,Unspecified,,,,,,,,,lolli-brands,,,,0,false,none,false,3,other,1,https://drive.google.com/drive/folders/1a0l-tt0XOZoWTvTpp0bcjb96gyrrlKzC,NEW REVISED COLLAGE MOVIE COVER
event-photography-jpeg-file-event-photography,JPEG FILE — Event Photography,Event photography — 14 images.,event photography,Unspecified,,,,,,,,,lolli-brands,,landscape,1,5,false,none,false,14,image,3,https://drive.google.com/drive/folders/1oduAB8qUOcac7STU-qj0fRYxbumR3l4N,JPEG FILE
b-roll-dr-amy-shah-book-signing-b-roll-miami-february-2026,"Dr. Amy Shah Book Signing — B-Roll, Miami, February 2026","B-roll — 11 videos. In Miami shot February 20, 2026. Featuring Dr. Amy Shah.",b-roll,Book signing,,,Miami,2026,2026-02-20,,,Dr. Amy Shah,lolli-brands,,portrait,1,5,false,context,false,11,video,1,https://drive.google.com/drive/folders/1hPNq0F-bCCXtzGKHbS5fk2g2kqqsBa8O,02/20/26 Dr. Amy Shah Book Signing Shorts
interview-interview-clinic-production-june-2026,"Interview — Clinic production, June 2026","Interview footage — 10 videos. From Bye Ol' Dentistry shot June 19, 2026. Featuring Dr. Trivedi.",interview,Clinic production,Bye Ol' Dentistry,,,2026,2026-06-19,,,Dr. Trivedi,lolli-brands,,landscape,1,5,false,none,false,10,video,3,https://drive.google.com/drive/folders/1Vg80xp4KXLJgn4tv0TVXZur364QmCRUq,Interview
b-roll-shealed-technical-b-roll,sHEALed Technical — B-Roll,B-roll — 14 videos. From sHEALed.,b-roll,Unspecified,sHEALed,,,,,,,,lolli-brands,,portrait,1,5,false,none,false,14,video,1,https://drive.google.com/drive/folders/15I1fso-ikzNIcxaPCxYznH9yZ9-kgrZG,sHEALed Technical Reels
b-roll-shealed-chelsea-b-roll,sHEALed Chelsea — B-Roll,B-roll — 40 videos. From sHEALed.,b-roll,Unspecified,sHEALed,,,,,,,,lolli-brands,,portrait,0.6,5,false,none,false,40,video,1,https://drive.google.com/drive/folders/1t2tdZikw7gALA_88wTmGmNXVIhHrreWQ,sHEALed Chelsea Footage
b-roll-1-9-technical-b-roll,1-9 Technical — B-Roll,B-roll — 18 videos. From sHEALed.,b-roll,Unspecified,sHEALed,,,,,,,,lolli-brands,,portrait,1,5,false,none,false,18,video,5,https://drive.google.com/drive/folders/1r7Ea8OJYcy9FnxOmpx9uIXiZ-r-xCvN3,_Day 1-9 Technical Reels
magazine-ashton-hall-cover-shoot-issue-8-magazine,Ashton Hall Cover Shoot — Issue #8 — Magazine,Magazine production files — 283 images. Featuring Ashton Hall.,magazine,Cover shoot,,,,,,,,Ashton Hall,biohack-yourself,8,portrait,0.8,5,false,none,false,283,image,1,https://drive.google.com/drive/folders/1um7-I7jxK02zqrRsYJh-8D_9vVjtFS-I,Ashton Hall Cover Shoot Deliverables
b-roll-shealed-hannah-b-roll,sHeALed Hannah — B-Roll,"B-roll — 19 images, 768 videos. From sHEALed.",b-roll,Unspecified,sHEALed,,,,,,,,lolli-brands,,portrait,1,5,false,none,false,787,video,1,https://drive.google.com/drive/folders/101jH-a4hba3eRrayqL053MAsJq3Hk8QT,sHeALed Hannah Footage
trailer-bod-trailers,BOD Trailers,Trailer material — 10 videos. From Bye Ol' Dentistry.,trailer,Unspecified,Bye Ol' Dentistry,,,,,,,,lolli-brands,,landscape,1,5,false,none,false,10,video,1,https://drive.google.com/drive/folders/1cqxkrFLMLeC84FR51U5C7F0ZF3Jl-fpE,10. BOD Trailers
event-photography-hack-your-health-event-photography-novembe,"Hack Your Health — Event Photography, November 2025","Event photography — 93 images. From Hack Your Health shot November 13, 2025.",event photography,Unspecified,,Hack Your Health,,2025,2025-11-13,2025-11-15,,,biohack-yourself,,portrait,0.8,5,false,none,false,94,image,1,https://drive.google.com/drive/folders/1nmU3U3A3Y9wTop49heHW-E73ywUFlZ67,HYH Sorted Photos
b-roll-bod-longforms-b-roll,BOD Longforms — B-Roll,B-roll — 45 videos. From Bye Ol' Dentistry.,b-roll,Unspecified,Bye Ol' Dentistry,,,,,,,,lolli-brands,,landscape,1,5,false,none,false,45,video,1,https://drive.google.com/drive/folders/1HmHyHVjXMShJJRJ2SS69gqaQrirfXlD6,6. BOD Edited Longforms
b-roll-bod-clinic-b-roll,BOD Clinic — B-Roll,B-roll — 39 videos. From Bye Ol' Dentistry.,b-roll,Clinic production,Bye Ol' Dentistry,,,,,,,,lolli-brands,,portrait,1,5,false,none,false,39,video,1,https://drive.google.com/drive/folders/1yMFXd-TV8YnCNiRIbJbLEmkpQTuCNjHr,4. BOD Clinic Shorts
audio-hack-your-health-audio-november-2025,"Hack Your Health — Audio, November 2025","Audio — 31 audio files. From Hack Your Health shot November 13, 2025.",audio,Unspecified,,Hack Your Health,,2025,2025-11-13,2025-11-15,,,biohack-yourself,,,,0,false,none,false,31,audio,2,https://drive.google.com/drive/folders/13nlxdJugCld7ldiQmtZpzvLFiXp_4_SD,Music
b-roll-posted-cover-shoot,posted — Cover shoot,B-roll — 18 videos. Featuring Andrew Tate.,b-roll,Cover shoot,,,,,,,,Andrew Tate,lolli-brands,,portrait,1,5,false,none,false,18,video,3,https://drive.google.com/drive/folders/1nyrnDylXwRP4GAiMgyDaYiufg6YGFV3c,posted
poster-andrew-tate-cover-shoot-group-pics-key-art,Andrew Tate Cover Shoot Group Pics — Key Art,Key art — 12 images. Featuring Andrew Tate.,poster,Cover shoot,,,,,,,,Andrew Tate,lolli-brands,,landscape,0.8,5,false,none,false,12,image,1,https://drive.google.com/drive/folders/1Dhiw1qVGoSXyiWtSdI9TswEw1JlnfvrE,Andrew Tate Cover Shoot Group Pics
event-photography-hack-your-health-event-photography-novembe-1xvqb9,"Hack Your Health — Event Photography, November 2025","Event photography — 1,170 images, 1,000 videos. From Hack Your Health shot November 13, 2025.",event photography,Unspecified,,Hack Your Health,,2025,2025-11-13,2025-11-15,,,biohack-yourself,,portrait,0.6,5,false,none,false,2679,image,1,https://drive.google.com/drive/folders/1xVQB9orEiWxlXRZaSOpkVOzWsL_A9yB9,20. 11/13-15/2025 - Hack Your Health
b-roll-hack-your-health-sophie-sargent-b-roll-november-2025,"Hack Your Health — Sophie Sargent — B-Roll, November 2025","B-roll — 12 videos. From Hack Your Health shot November 13, 2025.",b-roll,Unspecified,,Hack Your Health,,2025,2025-11-13,2025-11-15,,,biohack-yourself,,portrait,1,5,false,none,false,12,video,1,https://drive.google.com/drive/folders/1G9dBOb_-Kp9B6HQj9AYbzvvX9TwBJCdK,Sophie Sargent
b-roll-bod-cast-recap-b-roll,BOD Cast Recap — B-Roll,B-roll — 46 videos. From Bye Ol' Dentistry.,b-roll,Unspecified,Bye Ol' Dentistry,,,,,,,,lolli-brands,,portrait,1,5,false,none,false,46,video,1,https://drive.google.com/drive/folders/19Iuf6_aM7OK-W-Kbg61O8eDJQCZXJtJb,2. BOD Cast Recap Videos
magazine-warrior-s-choice-foundation-graphic-book-signing-no,"Warrior's Choice Foundation — Graphic — Book signing, November 2025","Magazine production files — 52 images, 2 documents. From Warrior's Choice Foundation shot November 10, 2025. Featuring Lara Trump.",magazine,Book signing,,Warrior's Choice Foundation,,2025,2025-11-10,,,Lara Trump,biohack-yourself,,landscape,0.8,5,false,context,false,54,image,1,https://drive.google.com/drive/folders/1r2X1SHgeiOaJavUjeuU8Sh2xsST6Sf20,Graphic Assets
b-roll-hack-your-health-robin-on-camera-b-roll-november-2025,"Hack Your Health — Robin On Camera — B-Roll, November 2025","B-roll — 7 videos, 3 audio files. From Hack Your Health shot November 13, 2025.",b-roll,Unspecified,,Hack Your Health,,2025,2025-11-13,2025-11-15,,,biohack-yourself,,landscape,1,1,false,none,false,18,other,5,https://drive.google.com/drive/folders/1Hsw2UkAxPF7moarB3AXtqnR4YIp-JDZi,01. Robin On Camera Videos
b-roll-hack-your-health-run-guns-b-roll-november-2025,"Hack Your Health — Run & Guns — B-Roll, November 2025","B-roll — 16 videos. From Hack Your Health shot November 13, 2025.",b-roll,Unspecified,,Hack Your Health,,2025,2025-11-13,2025-11-15,,,biohack-yourself,,portrait,1,5,false,none,false,16,video,1,https://drive.google.com/drive/folders/1XPt1lDzae8G_ReS1626FWmem1cwbdUQI,Run & Guns
b-roll-parsons-orthopedics-love-and-legend-expanders-lip-and,"Parsons Orthopedics Love and Legend Expanders, Lip and Tongue Tie — Clinic production, September 2025","B-roll — 15 images, 15 videos. From Bye Ol' Dentistry shot September 11, 2025. Featuring Love Lolli, Legend Lolli.",b-roll,Clinic production,Bye Ol' Dentistry,,,2025,2025-09-11,,love; legend,,lolli-brands,,portrait,0.6,5,true,named,false,30,image,1,https://drive.google.com/drive/folders/1-6t1Us2i4LYlk42upI28itkz68g7dKW3,"8. 9/11/2025 Parsons Orthopedics Love and Legend Expanders, Lip and Tongue Tie"
b-roll-hack-your-health-shelbi-byrns-b-roll-november-2025,"Hack Your Health — Shelbi Byrns — B-Roll, November 2025","B-roll — 22 videos. From Hack Your Health shot November 13, 2025.",b-roll,Unspecified,,Hack Your Health,,2025,2025-11-13,2025-11-15,,,biohack-yourself,,portrait,1,5,false,none,false,22,video,1,https://drive.google.com/drive/folders/1tM0D6O6hdAJlt9KFwfnwCGlTXjXWJctE,Shelbi Byrns
poster-andrew-tate-cover-shoot-key-art,Andrew Tate Cover Shoot — Key Art,Key art — 161 images. Featuring Andrew Tate.,poster,Cover shoot,,,,,,,,Andrew Tate,lolli-brands,,landscape,1,5,false,none,false,161,image,1,https://drive.google.com/drive/folders/1SAaWm2fo2Knwv1r6_5kOIbLrmdFYyWdh,Andrew Tate Cover Shoot BTS Photos
interview-hack-your-health-run-and-gun-celebrity-interviews-,"Hack Your Health — Run and Gun Celebrity Interviews, November 2025","Interview footage — 15 videos. From Hack Your Health shot November 13, 2025.",interview,Interview,,Hack Your Health,,2025,2025-11-13,2025-11-15,,,biohack-yourself,,portrait,1,5,false,none,false,15,video,5,https://drive.google.com/drive/folders/1aXw5YEGoTMG-IcZqjmt2YukSO-zt6qm6,02 - Run and Gun Celebrity Interviews
event-photography-hack-your-health-step-repeats-event-photog,"Hack Your Health — Step & Repeats — Event Photography, November 2025","Event photography — 152 images. From Hack Your Health shot November 13, 2025.",event photography,Unspecified,,Hack Your Health,,2025,2025-11-13,2025-11-15,,,biohack-yourself,,landscape,1,5,false,none,false,152,image,2,https://drive.google.com/drive/folders/1dy5XZr73-wByfFctfspsA91ipdP8Dodb,Step & Repeats
interview-hack-your-health-love-and-legend-interviews-novemb,"Hack Your Health — Love and Legend interviews, November 2025","Interview footage — 3 images, 61 videos. From Hack Your Health shot November 13, 2025. Featuring Love Lolli, Legend Lolli.",interview,Interview,,Hack Your Health,,2025,2025-11-13,2025-11-15,love; legend,,biohack-yourself,,portrait,0.8,5,true,named,false,64,video,1,https://drive.google.com/drive/folders/1Kx33rz5lbBwlElIxF3nfjCTztTMA5UzW,Love and Legend interviews
b-roll-bye-ol-dentistry-b-roll,Bye Ol' Dentistry — B-Roll,B-roll — 352 videos. From Bye Ol' Dentistry.,b-roll,Unspecified,Bye Ol' Dentistry,,,,,,,,lolli-brands,,portrait,1,5,false,none,false,352,video,1,https://drive.google.com/drive/folders/1FPWrygrCWRMALWMsg2VGWonN74ELsSTj,7. BOD Edited Shorts
bts-a4m-red-carpet-anthony-tereza-pov-premiere-december-2024,"A4M Red Carpet — Anthony & TereZa POV — Premiere, December 2024","Behind-the-scenes coverage — 11 videos. From A4M Red Carpet shot December 15, 2024. Featuring Anthony Lolli, TereZa Hakobyan-Lolli.",BTS,Premiere,Biohack Yourself,A4M Red Carpet,,2024,2024-12-15,,anthony; tereza,,biohack-yourself,,portrait,1,5,false,context,false,11,video,1,https://drive.google.com/drive/folders/1UkrtxeQZLeqsURCo2ti6o_wTR4GMbhl8,Anthony & TereZa POV BTS
magazine-updated-exhibitor-issue-4-magazine,Updated Exhibitor — Issue #4 — Magazine,Magazine production files — 25 images. Featuring Dr. Gabrielle Lyon.,magazine,Unspecified,,,,,,,,Dr. Gabrielle Lyon,biohack-yourself,4,portrait,1,5,false,none,false,25,image,1,https://drive.google.com/drive/folders/1zxQBwDh2FDUqpGVLXzzn35Pb4PKjNC0u,Updated Exhibitor Thumbnails
event-photography-maha-inaugural-ball-auction-paintings-even,"MAHA Inaugural Ball — Auction Paintings — Event Photography, January 2025","Event photography — 61 images. From MAHA Inaugural Ball shot January 20, 2025.",event photography,Unspecified,,MAHA Inaugural Ball,,2025,2025-01-20,,,,biohack-yourself,,landscape,1,5,false,none,false,61,image,1,https://drive.google.com/drive/folders/1jHbEnlbCgY1KuVnkSl2e5WJ4Aw2t_o8k,Auction Paintings
b-roll-reels-b-roll,Reels — B-Roll,B-roll — 13 videos.,b-roll,Unspecified,,,,,,,,,lolli-brands,,portrait,1,5,false,none,false,13,video,3,https://drive.google.com/drive/folders/1NeTxvCIC5biGTrI9WZFwi9Nq9JkYIADx,Reels
magazine-sunscreen-film-festival-ugc-magazine-april-2025,"SunScreen Film Festival — UGC Magazine, April 2025","Magazine production files — 10 videos. From SunScreen Film Festival shot April 24, 2025.",magazine,Festival,,SunScreen Film Festival,,2025,2025-04-24,,,,biohack-yourself,,portrait,1,5,false,context,false,10,video,1,https://drive.google.com/drive/folders/1uofdY1lzG0Qn5nrfYf659GKJZByUjog-,UGC Magazine Videos
interview-a4m-red-carpet-interviews-premiere-december-2024,"A4M Red Carpet — Interviews — Premiere, December 2024","Interview footage — 6,508 images. From A4M Red Carpet shot December 15, 2024.",interview,Premiere,Biohack Yourself,A4M Red Carpet,,2024,2024-12-15,,,,biohack-yourself,,landscape,1,5,false,context,false,6563,image,7,https://drive.google.com/drive/folders/1MNUitn_TZM8TyeaABr9dzqugA0z4aEhm,All Interviews
interview-maha-inaugural-ball-hannah-halili-interviews-janua,"MAHA Inaugural Ball — Hannah Halili Interviews, January 2025","Interview footage — 30 videos. From MAHA Inaugural Ball shot January 20, 2025.",interview,Interview,,MAHA Inaugural Ball,,2025,2025-01-20,,,,biohack-yourself,,portrait,1,5,false,none,false,30,video,1,https://drive.google.com/drive/folders/1-yk0_qUWYf6u5LCC1TO2GUQU9TnhBlJx,Hannah Halili Interviews
b-roll-maha-inaugural-ball-58-solo-b-roll-january-2025,"MAHA Inaugural Ball — 58 Solo — B-Roll, January 2025","B-roll — 58 videos. From MAHA Inaugural Ball shot January 20, 2025.",b-roll,Unspecified,,MAHA Inaugural Ball,,2025,2025-01-20,,,,biohack-yourself,,portrait,1,5,false,none,false,58,video,1,https://drive.google.com/drive/folders/1nyyl_zQQ6jhx_gCyuBZNa1O49CTsRIF8,58 Solo Shorts
b-roll-maha-inaugural-ball-dr-kien-vuu-b-roll-january-2025,"MAHA Inaugural Ball — Dr. Kien Vuu — B-Roll, January 2025","B-roll — 88 videos. From MAHA Inaugural Ball shot January 20, 2025. Featuring Dr. Kien Vuu.",b-roll,Unspecified,,MAHA Inaugural Ball,,2025,2025-01-20,,,Dr. Kien Vuu,biohack-yourself,,landscape,1,5,false,none,false,88,video,2,https://drive.google.com/drive/folders/10-_BBvC3qTVkFJ86g4ZmMo0hCzaevDIY,Dr. Kien Vuu
event-photography-sas-turning-point-event-tampa-july-2025,"SAS Turning Point Event - Tampa, July 2025","Event photography — 71 images. From SAS Turning Point in Tampa shot July 12, 2025.",event photography,Unspecified,,SAS Turning Point,Tampa,2025,2025-07-12,,,,lolli-brands,,portrait,1,5,false,none,false,71,image,1,https://drive.google.com/drive/folders/1MBDDXoImwSwrsdG0S5s9i-m7dWPSxit5,7. 7/12/2025 - SAS Turning Point Event - Tampa
event-photography-chani-event-photography,Chani — Event Photography,Event photography — 79 images.,event photography,Unspecified,,,,,,,,,lolli-brands,,landscape,0.6,5,false,none,false,79,image,1,https://drive.google.com/drive/folders/1bTmTkCxizxGTlV7iPQbSbZyO4AyL835o,Chani Cuts
event-photography-sunscreen-film-festival-by-film-festival-e,"SunScreen Film Festival — BY Film Festival — Event Photography, April 2025","Event photography — 99 images. From SunScreen Film Festival shot April 24, 2025.",event photography,Festival,,SunScreen Film Festival,,2025,2025-04-24,,,,biohack-yourself,,landscape,1,5,false,context,false,99,image,1,https://drive.google.com/drive/folders/1-M6L71lPuExlHAHNg1PPkvrINgcV8EXA,BY Film Festival Edited Photos
b-roll-website-b-roll-miami-2025,"Website — B-Roll, Miami, 2025",B-roll — 13 videos. In Miami from 2025.,b-roll,Unspecified,,,Miami,2025,2025-01-01,,,,lolli-brands,,landscape,1,5,false,none,false,13,video,2,https://drive.google.com/drive/folders/1x0mBVVlvYW7q0BJwUKKd1bozQdtZNlqB,Website
b-roll-zenos-health-summit-conference-october-2025,"Zenos Health Summit — Conference, October 2025","B-roll — 12 videos. From Zenos Health Summit shot October 23, 2025.",b-roll,Conference,,Zenos Health Summit,,2025,2025-10-23,2025-10-25,,,biohack-yourself,,portrait,1,5,false,none,false,12,video,1,https://drive.google.com/drive/folders/1qXovOEe14z-BiCmbzyEDlzJkyRpoBKc2,10/23-25 '25 Zenos Health Summit Edited Reels
event-photography-zenos-health-summit-conference-october-202,"Zenos Health Summit — Conference, October 2025","Event photography — 463 images. From Zenos Health Summit shot October 23, 2025.",event photography,Conference,,Zenos Health Summit,,2025,2025-10-23,2025-10-25,,,biohack-yourself,,landscape,0.8,5,false,none,false,463,image,2,https://drive.google.com/drive/folders/1bM4Xjo5Kv3kLQ7zDrmP0C6uLDQoIExpx,10/23-25 '25 Zenos Health Summit Edited Photos
b-roll-zenos-health-summit-shelbi-zenos-edits-conference-oct,"Zenos Health Summit — Shelbi Zenos Edits — Conference, October 2025","B-roll — 15 videos. From Zenos Health Summit shot October 23, 2025.",b-roll,Conference,,Zenos Health Summit,,2025,2025-10-23,2025-10-25,,,biohack-yourself,,portrait,1,5,false,none,false,15,video,1,https://drive.google.com/drive/folders/13y5KY21q1eNvskrzSAZc_q4Mo8qiFZeD,Shelbi Zenos Edits
document-shealed-long-form-scripts-documents,sHEALed Long Form Scripts — Documents,Documents — 76 documents. From sHEALed.,document,Unspecified,sHEALed,,,,,,,,lolli-brands,,,,0,false,none,false,77,document,1,https://drive.google.com/drive/folders/1Zgp2nXbnaxvVP-GAi57IRx4u_RvkrFgx,3. sHEALed Long Form Scripts
document-shealed-articles-completed-edited-documents,sHEALed articles - completed-edited — Documents,Documents — 76 documents. From sHEALed.,document,Unspecified,sHEALed,,,,,,,,lolli-brands,,,,0,false,none,false,76,document,1,https://drive.google.com/drive/folders/1r2MTd4Z1a13gLcDXFyGv_fbAxqWVVVxU,2. sHEALed articles - completed-edited
event-photography-shealed-article-still-image-event-photogra,sHEALed Article Still image — Event Photography,Event photography — 76 images. From sHEALed.,event photography,Unspecified,sHEALed,,,,,,,,lolli-brands,,portrait,1,5,false,none,false,76,image,1,https://drive.google.com/drive/folders/1pmojuZHY__jRVeCpQFSpzqclkVWTWgE4,5. sHEALed Article Thumbnails Still image
interview-shealed-interviews,sHEALed Interviews,Interview footage — 77 videos. From sHEALed.,interview,Interview,sHEALed,,,,,,,,lolli-brands,,landscape,1,5,false,none,false,77,video,1,https://drive.google.com/drive/folders/10Lo2ygh5hq5wWhXLsZpxF4k0khkRlqQD,4. sHEALed Raw Interviews
b-roll-shealed-unedited-owned-by-tereza-b-roll,sHeALed Unedited owned by TereZa — B-Roll,B-roll — 77 videos. From sHEALed.,b-roll,Unspecified,sHEALed,,,,,,,,lolli-brands,,landscape,1,5,false,context,false,77,video,1,https://drive.google.com/drive/folders/1UNogUL0PdjPvpN25FsEWuNU_ED9NcZjF,5. Final sHeALed Unedited owned by TereZa
b-roll-cannes-film-festival-go-shealed-yourself-b-roll,Cannes Film Festival — Go sHEALed Yourself — B-Roll,B-roll — 74 videos. From Cannes Film Festival in Cannes.,b-roll,Festival,sHEALed,Cannes Film Festival,Cannes,,,,,,lolli-brands,,portrait,1,5,false,context,false,74,video,1,https://drive.google.com/drive/folders/1RMXZBV0Rz32bBeF2iF4hmK5SzL7ucj-_,Go sHEALed Yourself Shorts
event-photography-for-a-show-event-photography,FOR A SHOW — Event Photography,Event photography — 16 images. From sHEALed.,event photography,Unspecified,sHEALed,,,,,,,,lolli-brands,,landscape,0.6,5,false,none,false,32,image,9,https://drive.google.com/drive/folders/1JaDKinPLYb-h6fyqDc8F12Y3XZKvFX1o,FOR A SHOW
event-photography-for-movie-event-photography,FOR MOVIE — Event Photography,Event photography — 24 images. From sHEALed.,event photography,Unspecified,sHEALed,,,,,,,,lolli-brands,,landscape,1,5,false,none,false,48,image,9,https://drive.google.com/drive/folders/1bxbOoKY7HIlnjwwmaR9Iy3CvO2M2cYmc,FOR MOVIE
event-photography-ufc-aires-tech-roundtable-ufc-aries-tech-r,"UFC × Aires Tech Roundtable — UFC/ Aries Tech RoundTable - Vegas — Event Photography, Las Vegas, June 2025","Event photography — 124 images, 21 videos. From UFC × Aires Tech Roundtable in Las Vegas shot June 26, 2025.",event photography,Roundtable,,UFC × Aires Tech Roundtable,Las Vegas,2025,2025-06-26,,,,lolli-brands,,portrait,0.6,5,false,none,false,145,image,1,https://drive.google.com/drive/folders/1-KjOLp77ggOTf_U6A5q5p5-YQ0C0pwxC,6. 6/26/2025 - UFC/ Aries Tech RoundTable - Vegas
headshots-portrait-headshots,PORTRAIT — Headshots,Headshots — 14 files.,headshots,Unspecified,,,,,,,,,lolli-brands,,portrait,1,5,false,none,false,14,other,1,https://drive.google.com/drive/folders/1GlkWYsvBns7aTzsge5LD4mfktW_J_CLY,PORTRAIT
b-roll-horizontal-b-roll,HORIZONTAL — B-Roll,B-roll — 14 files.,b-roll,Unspecified,,,,,,,,,lolli-brands,,landscape,1,5,false,none,false,14,other,5,https://drive.google.com/drive/folders/1SoGihjYdBzRaKbjuovyxAwbvpMYGR45d,HORIZONTAL
poster-bye-ol-dentistry-movie-cover-key-art,Bye Ol’ Dentistry Movie Cover — Key Art,Key art — 6 images. From Bye Ol' Dentistry.,poster,Unspecified,Bye Ol' Dentistry,,,,,,,,lolli-brands,,,,0,false,none,false,6,image,1,https://drive.google.com/drive/folders/1ZiAhCTWLodt761ch9VqVhwpqojtEHivV,Final Bye Ol’ Dentistry Movie Cover
event-photography-vertical-event-photography,VERTICAL — Event Photography,"Event photography — 6 images, 6 documents. From sHEALed.",event photography,Unspecified,sHEALed,,,,,,,,lolli-brands,,portrait,1,5,false,none,false,12,image,4,https://drive.google.com/drive/folders/1KTRhsmb24BvwIoBieDNeluLsflMVKTtt,VERTICAL
event-photography-shealed-daily-and-recaps-event-photography,sHEALed Daily and Recaps — Event Photography,Event photography — 161 images. From sHEALed.,event photography,Unspecified,sHEALed,,,,,,,,lolli-brands,,landscape,0.8,5,false,none,false,161,image,1,https://drive.google.com/drive/folders/1OFA-v2EyIETyy-PoBnJFU7TzRwIcE3e6,sHEALed Daily Photos and Recaps
event-photography-del-bigree-event-photography,Del Bigree — Event Photography,Event photography — 16 images. From sHEALed.,event photography,Unspecified,sHEALed,,,,,,,,lolli-brands,,landscape,1,5,false,none,false,18,image,8,https://drive.google.com/drive/folders/1mMer413_MuDR8Fz-uxH1Cmukno5OKJ1E,Del Bigree Raw Photo
bts-valerie-feghali-behind-the-scenes,Valerie Feghali — Behind the Scenes,"Behind-the-scenes coverage — 10 images, 1 video. From sHEALed. Featuring Valerie Feghali.",BTS,Unspecified,sHEALed,,,,,,,Valerie Feghali,lolli-brands,,landscape,0.8,5,false,context,false,11,image,11,https://drive.google.com/drive/folders/1aA_TFDnZjq9rToREeM0NPLt2fxRTZqXX,Valerie Feghali BTS
bts-kate-hobbs-behind-the-scenes,Kate Hobbs — Behind the Scenes,"Behind-the-scenes coverage — 11 images, 1 video. From sHEALed.",BTS,Unspecified,sHEALed,,,,,,,,lolli-brands,,landscape,0.8,5,false,context,false,12,image,12,https://drive.google.com/drive/folders/1UN5VHAKcGf8FV0ie6Q9LGmThvPABH3L1,Kate Hobbs BTS
b-roll-dr-rajka-milanovic-galbraith-b-roll,Dr. Rajka Milanovic Galbraith — B-Roll,B-roll — 34 videos. From sHEALed. Featuring Dr. Rajka Milanovic.,b-roll,Unspecified,sHEALed,,,,,,,Dr. Rajka Milanovic,lolli-brands,,landscape,1,5,false,none,false,68,video,10,https://drive.google.com/drive/folders/1e3n-QSknSY3FqenFMqSfp4zcP5AolQ2V,Dr. Rajka Milanovic Galbraith Raw Video
b-roll-offloads-b-roll,Offloads — B-Roll,B-roll — 94 files. From sHEALed.,b-roll,Unspecified,sHEALed,,,,,,,,lolli-brands,,landscape,1,5,false,none,false,94,other,4,https://drive.google.com/drive/folders/1kC1WS3Vm_FNbGlSwtDIW1UoQR3TK4gSq,Offloads
bts-dr-sabrina-solt-behind-the-scenes,Dr. Sabrina Solt — Behind the Scenes,"Behind-the-scenes coverage — 10 images, 1 video. From sHEALed. Featuring Dr. Sabrina Solt.",BTS,Unspecified,sHEALed,,,,,,,Dr. Sabrina Solt,lolli-brands,,landscape,0.8,5,false,context,false,11,image,10,https://drive.google.com/drive/folders/19PW48SMZzwZy4J_Zt13Kq7d3w9kS3_Y_,Dr. Sabrina Solt BTS
interview-whitfield-interviews-clinic-production-march-2026,"Whitfield Interviews — Clinic production, March 2026","Interview footage — 12 videos. Shot March 16, 2026. Featuring Dr. Whitfield.",interview,Clinic production,,,,2026,2026-03-16,,,Dr. Whitfield,lolli-brands,,landscape,1,5,false,none,false,24,video,1,https://drive.google.com/drive/folders/1qsex2Ad9nlPlKdf-lAzrdVJTUP_K3zmC,Whitfield Interviews
b-roll-dr-martin-bales-b-roll,Dr. Martin Bales — B-Roll,B-roll — 26 videos. From sHEALed. Featuring Dr. Martin Bales.,b-roll,Unspecified,sHEALed,,,,,,,Dr. Martin Bales,lolli-brands,,landscape,1,5,false,none,false,52,video,12,https://drive.google.com/drive/folders/1ez7U55MzGJTA0rKYAx1w2BaV4RBbPx0B,Dr. Martin Bales Raw Video
magazine-magazine,Magazine,Magazine production files — 484 images. From sHEALed.,magazine,Unspecified,sHEALed,,,,,,,,biohack-yourself,,landscape,1,5,false,none,false,484,image,4,https://drive.google.com/drive/folders/1bSuQqjGNOVcfUqwYQjP__Z0hdSbkQ3sz,Magazine Shots Raw Photo
b-roll-06-carrie-drinkwine-broll-b-roll,06 Carrie Drinkwine Broll — B-Roll,B-roll — 1 audio file. From sHEALed. Featuring Carrie Drinkwine.,b-roll,Unspecified,sHEALed,,,,,,,Carrie Drinkwine,lolli-brands,,,0,0,false,none,false,13,other,16,https://drive.google.com/drive/folders/1ee6mwm-XQT4OXhnqUOOEKTPYBgjLPRci,06 Carrie Drinkwine Broll
b-roll-dr-labib-ghulmiyyah-b-roll,Dr. Labib Ghulmiyyah — B-Roll,B-roll — 29 videos. From sHEALed. Featuring Dr. Labib Ghulmiyyah.,b-roll,Unspecified,sHEALed,,,,,,,Dr. Labib Ghulmiyyah,lolli-brands,,landscape,1,5,false,none,false,58,video,11,https://drive.google.com/drive/folders/1h2E5KvI0KSqNa6HUi5B0oh4_hEF1jC_7,Dr. Labib Ghulmiyyah Raw Video
event-photography-ryan-encinas-dr-steven-moore-event-photogr,"Ryan Encinas, Dr. Steven Moore — Event Photography","Event photography — 20 images. From sHEALed. Featuring Dr. Steven Moore, Ryan Encinas.",event photography,Unspecified,sHEALed,,,,,,,Dr. Steven Moore; Ryan Encinas,lolli-brands,,landscape,1,5,false,none,false,20,image,7,https://drive.google.com/drive/folders/1Qr5lnF1l-HMgUnlPe_Ws5ho5HhBvPcsy,"Ryan Encinas, Dr. Steven Moore"
b-roll-justin-hai-b-roll,Justin Hai — B-Roll,B-roll — 26 videos. From sHEALed. Featuring Justin Hai.,b-roll,Unspecified,sHEALed,,,,,,,Justin Hai,lolli-brands,,landscape,1,5,false,none,false,52,video,13,https://drive.google.com/drive/folders/1V6MDOKEo2AnRuMZrze7IhLswBDaPRbeu,Justin Hai Raw Video
b-roll-maryn-azoff-b-roll,Maryn Azoff — B-Roll,B-roll — 27 videos. From sHEALed. Featuring Maryn Azoff.,b-roll,Unspecified,sHEALed,,,,,,,Maryn Azoff,lolli-brands,,landscape,1,5,false,none,false,54,video,13,https://drive.google.com/drive/folders/11eSFrM9lrKJUl3hDzdJEIBtOo4qJ1FxR,Maryn Azoff Raw Video
b-roll-kim-vopni-b-roll,Kim Vopni — B-Roll,B-roll — 49 videos. From sHEALed. Featuring Kim Vopni.,b-roll,Unspecified,sHEALed,,,,,,,Kim Vopni,lolli-brands,,landscape,1,5,false,none,false,100,other,11,https://drive.google.com/drive/folders/18UhhiRLk_drrAMwyaplmQckQDqJX4e6o,Kim Vopni Raw Video
bts-dr-deb-matthew-behind-the-scenes,Dr. Deb Matthew — Behind the Scenes,"Behind-the-scenes coverage — 11 images, 1 video. From sHEALed. Featuring Dr. Deb Matthew.",BTS,Unspecified,sHEALed,,,,,,,Dr. Deb Matthew,lolli-brands,,landscape,0.8,5,false,context,false,12,image,10,https://drive.google.com/drive/folders/1ylP9bMKf-rFUzYluDonl9v5YHkIXhV-V,Dr. Deb Matthew BTS
event-photography-nayan-payel-event-photography,Nayan Payel — Event Photography,Event photography — 11 images. From sHEALed. Featuring Nayan Payel.,event photography,Unspecified,sHEALed,,,,,,,Nayan Payel,lolli-brands,,landscape,1,5,false,none,false,11,image,3,https://drive.google.com/drive/folders/1WaMWgTS1E_3UdAhMDC86JCsPS2zV7Tl2,Nayan Payel
b-roll-05-darren-schwartz-b-roll,05 Darren Schwartz — B-Roll,B-roll — 1 audio file. From sHEALed.,b-roll,Unspecified,sHEALed,,,,,,,,lolli-brands,,,0,0,false,none,false,11,other,8,https://drive.google.com/drive/folders/1hndw9KabARbd8ZrrYfgM4drfyKMsrP2A,05 Darren Schwartz
bts-natalie-jill-behind-the-scenes,Natalie Jill — Behind the Scenes,"Behind-the-scenes coverage — 10 images, 1 video. From sHEALed. Featuring Natalie Jill.",BTS,Unspecified,sHEALed,,,,,,,Natalie Jill,lolli-brands,,landscape,0.6,5,false,context,false,11,image,11,https://drive.google.com/drive/folders/1HU2MoQ6rmCp5z2hFkHp7MbX2YjpGZjcu,Natalie Jill BTS
bts-dr-maribelle-verdiales-behind-the-scenes,Dr. Maribelle Verdiales — Behind the Scenes,"Behind-the-scenes coverage — 10 images, 1 video. From sHEALed. Featuring Dr. Maribelle Verdiales.",BTS,Unspecified,sHEALed,,,,,,,Dr. Maribelle Verdiales,lolli-brands,,landscape,0.8,5,false,context,false,11,image,11,https://drive.google.com/drive/folders/1YxMy4yL-TTo2nP5XoUS2H97oQgpw2nkQ,Dr. Maribelle Verdiales BTS
bts-dr-lisa-piper-wendy-cohn-osborne-behind-the-scenes,"Dr. Lisa Piper, Wendy Cohn-Osborne — Behind the Scenes","Behind-the-scenes coverage — 11 images, 1 video. From sHEALed. Featuring Dr. Lisa Piper.",BTS,Unspecified,sHEALed,,,,,,,Dr. Lisa Piper,lolli-brands,,landscape,0.8,5,false,context,false,12,image,12,https://drive.google.com/drive/folders/11xXP0WxZzAUQZIza_pGc1CNf7cmZdtQI,"Dr. Lisa Piper, Wendy Cohn-Osborne BTS"
event-photography-ana-maria-temple-event-photography,Ana Maria Temple — Event Photography,Event photography — 10 images. From sHEALed. Featuring Ana Maria.,event photography,Unspecified,sHEALed,,,,,,,Ana Maria,lolli-brands,,landscape,1,5,false,none,false,10,image,7,https://drive.google.com/drive/folders/1Nnpmm13voqVa__uO5mxHDKLLeU1Q1v6I,Ana Maria Temple
bts-dr-amanda-hanson-behind-the-scenes,Dr. Amanda Hanson — Behind the Scenes,"Behind-the-scenes coverage — 11 images, 1 video. From sHEALed. Featuring Dr. Amanda Hanson.",BTS,Unspecified,sHEALed,,,,,,,Dr. Amanda Hanson,lolli-brands,,landscape,0.8,5,false,context,false,12,image,16,https://drive.google.com/drive/folders/1TQPmAs4hMP1BHfGaiwj2-YY8ya41Fkwc,Dr. Amanda Hanson BTS
event-photography-screengrabs-event-photography,ScreenGrabs — Event Photography,Event photography — 16 images. From sHEALed.,event photography,Unspecified,sHEALed,,,,,,,,lolli-brands,,landscape,1,5,false,none,false,16,image,1,https://drive.google.com/drive/folders/1b0M7P7zAzY9OH0Tp71jVvLelz4hF84wn,ScreenGrabs
magazine-featured-in-biohack-yourself-magazine-issue-2,Featured in Biohack Yourself Magazine — Issue #2,"Magazine production files — 9 images, 1 vector file. From Biohack Yourself. Featuring Gary Brecka.",magazine,Unspecified,Biohack Yourself,,,,,,,Gary Brecka,biohack-yourself,2,landscape,1,5,false,none,false,10,image,7,https://drive.google.com/drive/folders/1CmEhGuYi7fI86j0Iewd7qXp8Nw2KXdN9,4. Featured in Biohack Yourself Magazine
magazine-ashton-hall-cover-shoot-interview-issue-8-magazine,Ashton Hall Cover Shoot Interview — Issue #8 — Magazine,"Magazine production files — 4 videos, 1 document. Featuring Ashton Hall.",magazine,Cover shoot,,,,,,,,Ashton Hall,biohack-yourself,8,,,0,false,none,false,6,video,1,https://drive.google.com/drive/folders/1PLjMXFcsV2Rd2gMjgu3Zz_1-V7UxQ4VJ,Ashton Hall Cover Shoot Interview Raw Footage
magazine-peter-hurley-issue-8-cover-shoot-march-2026,"Peter Hurley — Issue #8 — Cover shoot, March 2026","Magazine production files — 15 images. Shot March 24, 2026. Featuring Ashton Hall.",magazine,Cover shoot,,,,2026,2026-03-24,,,Ashton Hall,biohack-yourself,8,landscape,1,5,false,none,false,15,image,1,https://drive.google.com/drive/folders/1CJk2ZSo5k1x7dooam8CGBc76SOD4xooq,Peter Hurley Photos
event-photography-dr-sanda-moldovan-clinic-event-photography,"Dr. Sanda Moldovan Clinic — Event Photography, November 2025","Event photography — 36 images. From Bye Ol' Dentistry shot November 6, 2025. Featuring Dr. Sanda, Dr. Sanda Moldovan.",event photography,Clinic production,Bye Ol' Dentistry,,,2025,2025-11-06,,,Dr. Sanda; Dr. Sanda Moldovan,lolli-brands,,landscape,1,5,false,none,false,36,image,3,https://drive.google.com/drive/folders/1ENcgfFxPa9gSlM3U3VnIn5zH1UioVode,11/06/25 Dr. Sanda Moldovan Clinic RAW Photos
b-roll-dr-curatola-and-dr-grecco-clinic-production-january-2,"Dr. Curatola and Dr. Grecco — Clinic production, January 2026","B-roll — 46 videos. From Bye Ol' Dentistry shot January 26, 2026. Featuring Dr. Curatola, Dr. Grecco.",b-roll,Clinic production,Bye Ol' Dentistry,,,2026,2026-01-26,,,Dr. Curatola; Dr. Grecco,lolli-brands,,landscape,1,5,false,none,false,46,video,4,https://drive.google.com/drive/folders/1GIULf4jd0yUBCdhT0BdWnLpriXxJ_FeJ,1/26/26 Dr. Curatola and Dr. Grecco RAW Videos
event-photography-dr-j-gandhi-event-photography,Dr. J. Gandhi — Event Photography,Event photography — 355 images. From Bye Ol' Dentistry.,event photography,Unspecified,Bye Ol' Dentistry,,,,,,,,lolli-brands,,,0,0,false,none,false,355,image,14,https://drive.google.com/drive/folders/1yLgrJaLQ1ywyACsoNJ9pszfJIHpTwEU3,5. Dr. J. Gandhi RAW Photos
trailer-01-14-01-15-dr-jigar-clinic-trailers-january-2026,"01 14 - 01 15 Dr. Jigar Clinic Trailers, January 2026","Trailer material — 2 videos. From Bye Ol' Dentistry shot January 14, 2026. Featuring Dr. Jigar.",trailer,Clinic production,Bye Ol' Dentistry,,,2026,2026-01-14,2026-01-15,,Dr. Jigar,lolli-brands,,,,0,false,none,false,2,video,4,https://drive.google.com/drive/folders/1YAiGytN2S8FgyYdk0skKGyf-jz_hYnWt,01 14 - 01 15 '26 Dr. Jigar Clinic Edited Trailers
event-photography-01-27-26-extension-health-clinic-event-pho,"01:27:26 Extension Health Clinic — Event Photography, January 2026","Event photography — 13 images. From Bye Ol' Dentistry shot January 27, 2026. Featuring Dr. Kuo Extension.",event photography,Clinic production,Bye Ol' Dentistry,,,2026,2026-01-27,,,Dr. Kuo Extension,lolli-brands,,landscape,1,5,false,none,false,13,image,1,https://drive.google.com/drive/folders/1JE_8oN_nkGYfsr8jsYQXDr-hvIfEitkc,01:27:26 Extension Health Clinic Edited Photos
event-photography-dr-nammy-patel-event-photography,Dr. Nammy Patel — Event Photography,Event photography — 604 images. From Bye Ol' Dentistry. Featuring Dr. Nammy Patel.,event photography,Unspecified,Bye Ol' Dentistry,,,,,,,Dr. Nammy Patel,lolli-brands,,landscape,1,5,false,none,false,604,image,14,https://drive.google.com/drive/folders/1c6Qi5taSobqHtom6775fomUskUHlbeVy,17. Dr. Nammy Patel RAW Photos
b-roll-anthonys-cel-clinic-production-january-2026,"Anthonys Cel — Clinic production, January 2026","B-roll — 19 images, 26 videos. From Bye Ol' Dentistry shot January 14, 2026.",b-roll,Clinic production,Bye Ol' Dentistry,,,2026,2026-01-14,2026-01-15,,,lolli-brands,,portrait,0.6,5,false,none,false,45,video,1,https://drive.google.com/drive/folders/1WCU-l1e0blhy7M6wDD-K1cgEegjMuzdP,Anthonys Cel Footage
b-roll-27-26-dr-yu-st-louis-mo-clinic-production-march-2026,"27.26 Dr. Yu St. Louis, MO — Clinic production, March 2026","B-roll — 26 videos. From Bye Ol' Dentistry in St. Louis, MO shot March 27, 2026. Featuring Dr. Yu St.",b-roll,Clinic production,Bye Ol' Dentistry,,"St. Louis, MO",2026,2026-03-27,,,Dr. Yu St,lolli-brands,,landscape,1,5,false,none,false,26,video,1,https://drive.google.com/drive/folders/1kwCH2BmGkVHzOp-TttEC_cfDTnfFDfhu,"03.27.26 Dr. Yu St. Louis, MO RAW Videos"
trailer-neurofield-clinic-trailers-november-2025,"NeuroField Clinic Trailers, November 2025","Trailer material — 2 videos. From Bye Ol' Dentistry shot November 5, 2025.",trailer,Clinic production,Bye Ol' Dentistry,,,2025,2025-11-05,,,,lolli-brands,,,,0,false,none,false,2,video,2,https://drive.google.com/drive/folders/1g_uJVNL_ejvhPjlpRJ9yUfVqxzCNwth9,11/06/25 NeuroField Clinic Edited Trailers
event-photography-dr-yuriy-may-dmd-clinic-production-january,"Dr. Yuriy May, DMD — Clinic production, January 2026","Event photography — 302 images. From Bye Ol' Dentistry shot January 5, 2026. Featuring Dr. Yuriy May.",event photography,Clinic production,Bye Ol' Dentistry,,,2026,2026-01-05,2026-01-06,,Dr. Yuriy May,lolli-brands,,landscape,1,5,false,none,false,302,image,6,https://drive.google.com/drive/folders/1ADLFJppKFKIAFgnSyHIFT1nJcM99_gQh,"01/05 - 01/06 '26 Dr. Yuriy May, DMD RAW Photos"
b-roll-neurofield-clinic-b-roll-november-2025,"NeuroField Clinic — B-Roll, November 2025","B-roll — 30 videos. From Bye Ol' Dentistry shot November 5, 2025.",b-roll,Clinic production,Bye Ol' Dentistry,,,2025,2025-11-05,,,,lolli-brands,,landscape,1,5,false,none,false,30,video,1,https://drive.google.com/drive/folders/1E6-dthOpv7LPzAf1SXGYEUG4oBOUFeqt,11/06/25 NeuroField Clinic RAW Videos
event-photography-02-10-26-dr-bahar-dr-lurie-clinic-producti,"02:10:26 Dr. Bahar & Dr. Lurie — Clinic production, February 2026","Event photography — 41 images. From Bye Ol' Dentistry shot February 10, 2026. Featuring Dr. Bahar, Dr. Lurie.",event photography,Clinic production,Bye Ol' Dentistry,,,2026,2026-02-10,,,Dr. Bahar; Dr. Lurie,lolli-brands,,landscape,0.8,5,false,none,false,41,image,1,https://drive.google.com/drive/folders/1G2uLzMQZa3OMUia8I3x_uKw86hfclono,02:10:26 Dr. Bahar & Dr. Lurie RAW Photos
event-photography-product-for-outreach-clinic-production-jan,"Product for Outreach — Clinic production, January 2026","Event photography — 107 images, 14 videos. From Bye Ol' Dentistry shot January 5, 2026. Featuring Dr. Yuriy May.",event photography,Clinic production,Bye Ol' Dentistry,,,2026,2026-01-05,2026-01-06,,Dr. Yuriy May,lolli-brands,,portrait,0.8,5,false,none,false,121,image,1,https://drive.google.com/drive/folders/1ooyumOmHkoKjAR-g-dW-ydbRZhRVg54v,Product Photos for Outreach
event-photography-19-20-dr-bahar-clinic-production-denver-ma,"19-20 Dr. Bahar — Clinic production, Denver, March 2026","Event photography — 212 images. From Bye Ol' Dentistry in Denver shot March 19, 2026. Featuring Dr. Bahar.",event photography,Clinic production,Bye Ol' Dentistry,,Denver,2026,2026-03-19,2026-03-20,,Dr. Bahar,lolli-brands,,landscape,0.8,5,false,none,false,212,image,2,https://drive.google.com/drive/folders/1TuzErhX7IQN_txcTs198inxI7uLMy2OI,03.19-20 '26 Dr. Bahar - RAW Photos
event-photography-dr-kelly-blodgett-dmd-nmd-event-photograph,Dr. Kelly Blodgett DMD NMD — Event Photography,Event photography — 287 images. From Bye Ol' Dentistry. Featuring Dr. Kelly Blodgett.,event photography,Unspecified,Bye Ol' Dentistry,,,,,,,Dr. Kelly Blodgett,lolli-brands,,,0,0,false,none,false,287,image,9,https://drive.google.com/drive/folders/1QPzUs0TOKYVB12-29nMvcTmm9E2AijK_,12. Dr. Kelly Blodgett DMD NMD RAW Photos
event-photography-dr-dogris-dr-tiff-event-photography,"Dr Dogris, Dr Tiff — Event Photography","Event photography — 360 images. From Bye Ol' Dentistry. Featuring Dr. Dogris, Dr. Tiff.",event photography,Unspecified,Bye Ol' Dentistry,,,,,,,Dr. Dogris; Dr. Tiff,lolli-brands,,landscape,1,5,false,none,false,360,image,9,https://drive.google.com/drive/folders/1yaY1wpMi6BaZ0a0vj-A9qN0j7_ML3r27,"14. Dr Dogris, Dr Tiff  RAW Photos"
event-photography-dr-ayman-zraiqat-event-photography,Dr. Ayman Zraiqat — Event Photography,Event photography — 350 images. From Bye Ol' Dentistry. Featuring Dr. Ayman Zraiqat.,event photography,Unspecified,Bye Ol' Dentistry,,,,,,,Dr. Ayman Zraiqat,lolli-brands,,landscape,1,5,false,none,false,350,image,9,https://drive.google.com/drive/folders/1YfvgzgkvxgA_yWBDU6WuIb8scerLX3Ft,16. Dr. Ayman Zraiqat  RAW Photos
event-photography-dr-gerry-curatola-dds-event-photography,Dr. Gerry Curatola DDS — Event Photography,Event photography — 271 images. From Bye Ol' Dentistry. Featuring Dr. Gerry Curatola.,event photography,Unspecified,Bye Ol' Dentistry,,,,,,,Dr. Gerry Curatola,lolli-brands,,,0,0,false,none,false,273,image,9,https://drive.google.com/drive/folders/1aFQ7GqIhGUFslpBab2xTeSW4cXOUnq1I,11. Dr. Gerry Curatola DDS RAW Photos
event-photography-dr-ulrich-volz-event-photography,Dr. Ulrich Volz — Event Photography,Event photography — 302 images. From Bye Ol' Dentistry. Featuring Dr. Ulrich Volz.,event photography,Unspecified,Bye Ol' Dentistry,,,,,,,Dr. Ulrich Volz,lolli-brands,,,0,0,false,none,false,304,image,6,https://drive.google.com/drive/folders/1Nq6HVfCC7f139-uD2C0lbcEDDWhjrzZd,13. Dr. Ulrich Volz RAW Photos
event-photography-dr-ben-javid-and-shawn-javid-event-photogr,Dr. Ben Javid and Shawn Javid — Event Photography,Event photography — 307 images. From Bye Ol' Dentistry. Featuring Dr. Ben Javid.,event photography,Unspecified,Bye Ol' Dentistry,,,,,,,Dr. Ben Javid,lolli-brands,,,0,0,false,none,false,308,image,9,https://drive.google.com/drive/folders/1UmuwF1x8lqdQljgYOxFB8JhqTcYhbwo0,10. Dr. Ben Javid and Shawn Javid RAW Photos
event-photography-dr-kami-hoss-event-photography,Dr. Kami Hoss — Event Photography,Event photography — 410 images. From Bye Ol' Dentistry. Featuring Dr. Kami Hoss.,event photography,Unspecified,Bye Ol' Dentistry,,,,,,,Dr. Kami Hoss,lolli-brands,,landscape,1,5,false,none,false,410,image,9,https://drive.google.com/drive/folders/149KZxQB0gobo15X7ltaxJ46SXTAnYlV-,15. Dr. Kami Hoss RAW Photos
event-photography-dr-judson-wall-interview,Dr. Judson Wall — Interview,Event photography — 109 images. From Bye Ol' Dentistry. Featuring Dr. Judson Wall.,event photography,Interview,Bye Ol' Dentistry,,,,,,,Dr. Judson Wall,lolli-brands,,landscape,0.8,5,false,none,false,109,image,6,https://drive.google.com/drive/folders/1hpkTB64RKMt-2p3xuBsNckaigsZQH19z,1. Dr. Judson Wall Edited Photos
event-photography-dr-jorge-escobar-event-photography,Dr Jorge Escobar — Event Photography,Event photography — 204 images. From Bye Ol' Dentistry. Featuring Dr. Jorge Escobar.,event photography,Unspecified,Bye Ol' Dentistry,,,,,,,Dr. Jorge Escobar,lolli-brands,,landscape,0.8,5,false,none,false,204,image,9,https://drive.google.com/drive/folders/18MKYxAInorH5DQytIjslVjDx7d3Oesmb,20. Dr Jorge Escobar RAW Photos
event-photography-dr-andres-fernandez-event-photography,Dr. Andres Fernandez — Event Photography,Event photography — 285 images. From Bye Ol' Dentistry. Featuring Dr. Andres Fernandez.,event photography,Unspecified,Bye Ol' Dentistry,,,,,,,Dr. Andres Fernandez,lolli-brands,,landscape,1,5,false,none,false,285,image,9,https://drive.google.com/drive/folders/17Q3pO8qf5T7hqM-kqt0USac2gtPLQPBt,2. Dr. Andres Fernandez RAW Photos
event-photography-dr-rick-miron-event-photography,Dr. Rick Miron — Event Photography,Event photography — 387 images. From Bye Ol' Dentistry. Featuring Dr. Rick Miron.,event photography,Unspecified,Bye Ol' Dentistry,,,,,,,Dr. Rick Miron,lolli-brands,,landscape,1,5,false,none,false,387,image,9,https://drive.google.com/drive/folders/1wKkrBDg5AlX9XiubZ71iNYskh1pUydFF,18. Dr. Rick Miron RAW Photos
event-photography-dr-fernanda-ramirez-event-photography,Dr. Fernanda Ramirez — Event Photography,Event photography — 152 images. From Bye Ol' Dentistry. Featuring Dr. Fernanda Ramirez.,event photography,Unspecified,Bye Ol' Dentistry,,,,,,,Dr. Fernanda Ramirez,lolli-brands,,landscape,0.8,5,false,none,false,152,image,9,https://drive.google.com/drive/folders/1k7B1TDHoycWXLUlJbGah8ff97Y1sUOT5,22. Dr. Fernanda Ramirez RAW Photos
event-photography-dr-robert-talac-event-photography,Dr. Robert Talac — Event Photography,Event photography — 149 images. From Bye Ol' Dentistry. Featuring Dr. Robert Talac.,event photography,Unspecified,Bye Ol' Dentistry,,,,,,,Dr. Robert Talac,lolli-brands,,landscape,1,5,false,none,false,149,image,9,https://drive.google.com/drive/folders/1J1_GzgsJTmAWLnyb-WKECIKNz2w3TqCN,23. Dr. Robert Talac RAW Photos
event-photography-dr-sammy-noumbissi-event-photography,Dr. Sammy Noumbissi — Event Photography,Event photography — 212 images. From Bye Ol' Dentistry. Featuring Dr. Sammy Noumbissi.,event photography,Unspecified,Bye Ol' Dentistry,,,,,,,Dr. Sammy Noumbissi,lolli-brands,,landscape,1,5,false,none,false,212,image,9,https://drive.google.com/drive/folders/1uGea1xIQJBsshywg-rKOAKshSCqxXGcQ,21. Dr. Sammy Noumbissi RAW Photos
event-photography-dr-sylvia-zannis-event-photography,Dr. Sylvia Zannis — Event Photography,Event photography — 411 images. From Bye Ol' Dentistry. Featuring Dr. Sylvia Zannis.,event photography,Unspecified,Bye Ol' Dentistry,,,,,,,Dr. Sylvia Zannis,lolli-brands,,landscape,1,5,false,none,false,411,image,9,https://drive.google.com/drive/folders/1hqbQgxFdz6KxcpnRfi9WZENChGd8iUqS,19. Dr. Sylvia Zannis RAW Photos
event-photography-dr-catharine-davies-interview,Dr. Catharine Davies — Interview,Event photography — 38 images. From Bye Ol' Dentistry. Featuring Dr. Catharine Davies.,event photography,Interview,Bye Ol' Dentistry,,,,,,,Dr. Catharine Davies,lolli-brands,,landscape,0.8,5,false,none,false,38,image,3,https://drive.google.com/drive/folders/1tx8NeP-142pOWYKAddMqjGDoxnrdhngF,24. Dr. Catharine Davies
event-photography-dr-bahar-esmaili-event-photography,Dr. Bahar Esmaili — Event Photography,Event photography — 377 images. From Bye Ol' Dentistry. Featuring Dr. Bahar Esmaili.,event photography,Unspecified,Bye Ol' Dentistry,,,,,,,Dr. Bahar Esmaili,lolli-brands,,landscape,1,5,false,none,false,377,image,9,https://drive.google.com/drive/folders/1rm4-yqEE3FlWfi0IXNNO0HHazY5GIwus,25. Dr. Bahar Esmaili RAW Photos
event-photography-dr-gene-sambataro-event-photography,Dr. Gene Sambataro — Event Photography,Event photography — 207 images. From Bye Ol' Dentistry. Featuring Dr. Gene Sambataro.,event photography,Unspecified,Bye Ol' Dentistry,,,,,,,Dr. Gene Sambataro,lolli-brands,,landscape,1,5,false,none,false,207,image,9,https://drive.google.com/drive/folders/1ffx5LVSKbV-TG8w46Vt2jH4uWQhvDBYU,26. Dr. Gene Sambataro RAW Photos
event-photography-dr-pompa-event-photography,Dr. Pompa — Event Photography,Event photography — 549 images. From Bye Ol' Dentistry. Featuring Dr. Pompa.,event photography,Unspecified,Bye Ol' Dentistry,,,,,,,Dr. Pompa,lolli-brands,,landscape,1,5,false,none,false,549,image,9,https://drive.google.com/drive/folders/1h8PnX6AHJ40vKSdsbdPVpwSTz61SAANx,27. Dr. Pompa RAW Photos
event-photography-dr-cody-kreigel-event-photography,Dr. Cody Kreigel — Event Photography,Event photography — 114 images. From Bye Ol' Dentistry. Featuring Dr. Cody Kreigel.,event photography,Unspecified,Bye Ol' Dentistry,,,,,,,Dr. Cody Kreigel,lolli-brands,,landscape,0.8,5,false,none,false,114,image,5,https://drive.google.com/drive/folders/1ACfL4ajXBCB5aFhoZkZsUBlrUYDgBPy_,3. Dr. Cody Kreigel Edited Photos
event-photography-dr-bruce-werber-event-photography,Dr. Bruce Werber — Event Photography,Event photography — 153 images. From Bye Ol' Dentistry. Featuring Dr. Bruce Werber.,event photography,Unspecified,Bye Ol' Dentistry,,,,,,,Dr. Bruce Werber,lolli-brands,,landscape,1,5,false,none,false,153,image,9,https://drive.google.com/drive/folders/1KCGjZeV40oWltZRrxg-DCLojfSxafoij,33. Dr. Bruce Werber RAW Photos
event-photography-dr-kristen-graham-event-photography,Dr Kristen Graham — Event Photography,Event photography — 181 images. From Bye Ol' Dentistry. Featuring Dr. Kristen Graham.,event photography,Unspecified,Bye Ol' Dentistry,,,,,,,Dr. Kristen Graham,lolli-brands,,landscape,1,5,false,none,false,181,image,10,https://drive.google.com/drive/folders/1Syih0Bd03tExdEttryeiE6Vc5o9q_3sL,32. Dr Kristen Graham RAW Photos
event-photography-dr-frank-shallenberger-event-photography,Dr. Frank Shallenberger — Event Photography,Event photography — 316 images. From Bye Ol' Dentistry. Featuring Dr. Frank Shallenberger.,event photography,Unspecified,Bye Ol' Dentistry,,,,,,,Dr. Frank Shallenberger,lolli-brands,,portrait,0.6,5,false,none,false,316,image,9,https://drive.google.com/drive/folders/1aQ91RF83qtk8VwFoYrgzpy3nx0UACWi3,36. Dr. Frank Shallenberger RAW Photos
event-photography-dr-griffin-cole-event-photography,Dr. Griffin Cole — Event Photography,Event photography — 229 images. From Bye Ol' Dentistry. Featuring Dr. Griffin Cole.,event photography,Unspecified,Bye Ol' Dentistry,,,,,,,Dr. Griffin Cole,lolli-brands,,landscape,1,5,false,none,false,229,image,9,https://drive.google.com/drive/folders/1V_Jqegpb7PSYKGjTQZixzlWnZ3TjToDs,34. Dr. Griffin Cole RAW Photos
event-photography-dr-sanchin-karande-event-photography,Dr. Sanchin Karande — Event Photography,"Event photography — 291 images. From Bye Ol' Dentistry. Featuring Dr. Sachin Karande, Dr. Sanchin Karande.",event photography,Unspecified,Bye Ol' Dentistry,,,,,,,Dr. Sachin Karande; Dr. Sanchin Karande,lolli-brands,,landscape,1,5,false,none,false,291,image,5,https://drive.google.com/drive/folders/1W0kvX2slkABzugnPSGnQH5dVpClumvGX,29. Dr. Sanchin Karande RAW Photos
event-photography-dr-thomas-levy-event-photography,Dr. Thomas Levy — Event Photography,Event photography — 177 images. From Bye Ol' Dentistry. Featuring Dr. Thomas Levy.,event photography,Unspecified,Bye Ol' Dentistry,,,,,,,Dr. Thomas Levy,lolli-brands,,landscape,1,5,false,none,false,177,image,9,https://drive.google.com/drive/folders/1OM437fqnZmHN85-3dOQ4KJt6slcUH372,31. Dr. Thomas Levy RAW Photos
event-photography-dr-stuart-nunnally-event-photography,Dr. Stuart Nunnally — Event Photography,Event photography — 305 images. From Bye Ol' Dentistry. Featuring Dr. Stuart Nunnally.,event photography,Unspecified,Bye Ol' Dentistry,,,,,,,Dr. Stuart Nunnally,lolli-brands,,landscape,1,5,false,none,false,305,image,9,https://drive.google.com/drive/folders/1QaBs9sgPlAMwl1Y3Ezg9XJwThsmibWRl,35. Dr. Stuart Nunnally RAW Photos
event-photography-dr-eva-hana-luskacova-event-photography,Dr. Eva & Hana Luskacova — Event Photography,Event photography — 378 images. From Bye Ol' Dentistry. Featuring Dr. Eva.,event photography,Unspecified,Bye Ol' Dentistry,,,,,,,Dr. Eva,lolli-brands,,landscape,1,5,false,none,false,378,image,8,https://drive.google.com/drive/folders/1lVZ0XmMHxrClnmga1DfJ49QNHBzRM9D9,30. Dr. Eva & Hana Luskacova RAW Photos
event-photography-dr-katie-to-event-photography,Dr. Katie To — Event Photography,Event photography — 305 images. From Bye Ol' Dentistry. Featuring Dr. Katie To.,event photography,Unspecified,Bye Ol' Dentistry,,,,,,,Dr. Katie To,lolli-brands,,landscape,0.8,5,false,none,false,305,image,9,https://drive.google.com/drive/folders/1_-GFiLsWNE2QNihoHsCu-nhUzTICapDW,28. Dr. Katie To RAW Photos
event-photography-dr-simon-yu-event-photography,Dr. Simon Yu — Event Photography,Event photography — 316 images. From Bye Ol' Dentistry. Featuring Dr. Simon Yu.,event photography,Unspecified,Bye Ol' Dentistry,,,,,,,Dr. Simon Yu,lolli-brands,,landscape,1,5,false,none,false,316,image,9,https://drive.google.com/drive/folders/1xxJvXFhI_bz8GCLnXtgVbK2k20C3xcKh,37. Dr. Simon Yu RAW Photos
event-photography-dr-yuriy-may-event-photography,Dr. Yuriy May — Event Photography,Event photography — 462 images. From Bye Ol' Dentistry. Featuring Dr. Yuriy May.,event photography,Unspecified,Bye Ol' Dentistry,,,,,,,Dr. Yuriy May,lolli-brands,,landscape,1,5,false,none,false,463,image,10,https://drive.google.com/drive/folders/1SENPFZpxEPaG-JhTrrCSvIRD3D2jEbTl,38. Dr. Yuriy May RAW Photos
event-photography-dr-olivia-hart-event-photography,Dr. Olivia Hart — Event Photography,Event photography — 277 images. From Bye Ol' Dentistry. Featuring Dr. Olivia Hart.,event photography,Unspecified,Bye Ol' Dentistry,,,,,,,Dr. Olivia Hart,lolli-brands,,portrait,1,5,false,none,false,277,image,9,https://drive.google.com/drive/folders/1waR0KAI4o6VcoxNO6SLTUhRL01hXSx40,42. Dr. Olivia Hart RAW Photos
event-photography-dr-michael-laing-event-photography,Dr. Michael Laing — Event Photography,Event photography — 313 images. From Bye Ol' Dentistry. Featuring Dr. Michael Laing.,event photography,Unspecified,Bye Ol' Dentistry,,,,,,,Dr. Michael Laing,lolli-brands,,landscape,1,5,false,none,false,313,image,8,https://drive.google.com/drive/folders/1QwhP1bPCxDKIt6zg3pndAoaHoq_6I20O,43. Dr. Michael Laing RAW Photos
event-photography-dr-daniel-oh-event-photography,Dr. Daniel Oh — Event Photography,Event photography — 209 images. From Bye Ol' Dentistry. Featuring Dr. Daniel Oh.,event photography,Unspecified,Bye Ol' Dentistry,,,,,,,Dr. Daniel Oh,lolli-brands,,,0,0,false,none,false,209,image,9,https://drive.google.com/drive/folders/17Kgf00_SC9ma1HeM5wXHOrk2GFAm85GM,8. Dr. Daniel Oh RAW Photos
event-photography-dr-theresa-rodeghero-event-photography,Dr. Theresa Rodeghero — Event Photography,Event photography — 468 images. From Bye Ol' Dentistry. Featuring Dr. Theresa Rodeghero.,event photography,Unspecified,Bye Ol' Dentistry,,,,,,,Dr. Theresa Rodeghero,lolli-brands,,landscape,1,5,false,none,false,468,image,9,https://drive.google.com/drive/folders/14UZCCYWHbmgDSXreJMDHYDQ9O0sFEvXB,41. Dr. Theresa Rodeghero RAW Photos
event-photography-dr-ginger-price-event-photography,Dr. Ginger Price — Event Photography,Event photography — 412 images. From Bye Ol' Dentistry. Featuring Dr. Ginger Price.,event photography,Unspecified,Bye Ol' Dentistry,,,,,,,Dr. Ginger Price,lolli-brands,,landscape,1,5,false,none,false,412,image,9,https://drive.google.com/drive/folders/1TtSpoDy_5pxohm4NHLKZeFt66W5TMfJH,40. Dr. Ginger Price RAW Photos
event-photography-gladys-lolli-event-photography,Gladys Lolli — Event Photography,Event photography — 250 images. From Bye Ol' Dentistry.,event photography,Unspecified,Bye Ol' Dentistry,,,,,,,,lolli-brands,,landscape,1,5,false,context,false,250,image,6,https://drive.google.com/drive/folders/1iFGVNAKCsznkPBRcRSPD5CGm8HzXskg1,Gladys Lolli RAW Photos
event-photography-dr-sanda-moldovan-event-photography,Dr. Sanda Moldovan — Event Photography,Event photography — 295 images. From Bye Ol' Dentistry. Featuring Dr. Sanda Moldovan.,event photography,Unspecified,Bye Ol' Dentistry,,,,,,,Dr. Sanda Moldovan,lolli-brands,,,0,0,false,none,false,295,image,9,https://drive.google.com/drive/folders/1iVtqQYQYJuepcIUlp97zAsJnS70qDFo6,7. Dr. Sanda Moldovan RAW Photos
event-photography-dr-ameet-trivedi-event-photography,Dr. Ameet Trivedi — Event Photography,Event photography — 261 images. From Bye Ol' Dentistry. Featuring Dr. Ameet Trivedi.,event photography,Unspecified,Bye Ol' Dentistry,,,,,,,Dr. Ameet Trivedi,lolli-brands,,landscape,1,5,false,none,false,261,image,9,https://drive.google.com/drive/folders/14IPmkNp2ndYu7e0VI8k01BlNVo8UKcLn,44. Dr. Ameet Trivedi RAW Photos
event-photography-dr-richard-porceli-alina-porceli-interview,"Dr. Richard Porceli, Alina Porceli — Interview",Event photography — 99 images. From Bye Ol' Dentistry. Featuring Dr. Richard Porceli.,event photography,Interview,Bye Ol' Dentistry,,,,,,,Dr. Richard Porceli,lolli-brands,,landscape,0.6,5,false,none,false,99,image,5,https://drive.google.com/drive/folders/1buS2ZPjlNeaRbjAcRha_LDiM7TedOOwa,"9. Dr. Richard Porceli, Alina Porceli Edited Photos"
trailer-dr-andres-costa-rica-trailers-clinic-production-june,"Dr. Andres Costa Rica Trailers — Clinic production, June 2025","Trailer material — 2 videos. From Bye Ol' Dentistry shot June 30, 2025. Featuring Dr. Andres Costa.",trailer,Clinic production,Bye Ol' Dentistry,,,2025,2025-06-30,2025-07-03,,Dr. Andres Costa,lolli-brands,,,,0,false,none,false,2,video,2,https://drive.google.com/drive/folders/16ngDROH0sqfOwPq-iW3sOwwz2gVbnKgT,06/30 - 07/03 '25 Dr. Andres Costa Rica Edited Trailers
b-roll-dr-andres-costa-rica-anthony-lolli-cell-clinic-produc,"Dr. Andres Costa Rica Anthony Lolli Cell — Clinic production, June 2025","B-roll — 30 images, 47 videos. From Bye Ol' Dentistry shot June 30, 2025. Featuring Dr. Andres Costa.",b-roll,Clinic production,Bye Ol' Dentistry,,,2025,2025-06-30,2025-07-03,,Dr. Andres Costa,lolli-brands,,portrait,0.6,5,false,context,false,77,video,1,https://drive.google.com/drive/folders/1ObKEfQXmQT6-wjczYJpuQEN9UI35G6nR,06/30 - 07/03 '25 Dr. Andres Costa Rica Anthony Lolli Cell Footage
event-photography-dr-andres-costa-rica-clinic-production-jun,"Dr. Andres Costa Rica — Clinic production, June 2025","Event photography — 79 images. From Bye Ol' Dentistry shot June 30, 2025. Featuring Dr. Andres Costa.",event photography,Clinic production,Bye Ol' Dentistry,,,2025,2025-06-30,2025-07-03,,Dr. Andres Costa,lolli-brands,,landscape,1,5,false,none,false,79,image,3,https://drive.google.com/drive/folders/1jITRauRMCGNDLWgxasU3iGaETosKKbWP,06/30 - 07/03 Dr. Andres Costa Rica Edited Photos
event-photography-dr-alejandro-mora-event-photography,Dr. Alejandro Mora — Event Photography,Event photography — 344 images. From Bye Ol' Dentistry. Featuring Dr. Alejandro Mora.,event photography,Unspecified,Bye Ol' Dentistry,,,,,,,Dr. Alejandro Mora,lolli-brands,,,0,0,false,none,false,344,image,9,https://drive.google.com/drive/folders/1xCO8XrQdcyAtXrsge9a9WxSse1C255LC,6. Dr. Alejandro Mora RAW Photos
event-photography-dr-thomas-cziao-event-photography,Dr. Thomas Cziao — Event Photography,Event photography — 292 images. From Bye Ol' Dentistry. Featuring Dr. Thomas Cziao.,event photography,Unspecified,Bye Ol' Dentistry,,,,,,,Dr. Thomas Cziao,lolli-brands,,landscape,1,5,false,none,false,292,image,9,https://drive.google.com/drive/folders/1YEchsAqAJBqVL5-zLldvDEC_CpT9hB9G,39. Dr. Thomas Cziao RAW Photos
event-photography-dr-dominik-nischwitz-event-photography,Dr. Dominik Nischwitz — Event Photography,Event photography — 650 images. From Bye Ol' Dentistry. Featuring Dr. Dominik Nischwitz.,event photography,Unspecified,Bye Ol' Dentistry,,,,,,,Dr. Dominik Nischwitz,lolli-brands,,,0,0,false,none,false,650,image,11,https://drive.google.com/drive/folders/10Z2jCJij9Gg4ZHyuIJ-vMBqPjHUsHsqT,4. Dr. Dominik Nischwitz RAW Photos
interview-sit-down-interview-productions-interviews,Sit Down Interview Productions — Interviews,"Interview footage — 4,603 images, 777 videos. From Bye Ol' Dentistry.",interview,Interview,Bye Ol' Dentistry,,,,,,,,lolli-brands,,portrait,1,5,false,none,false,5382,image,1,https://drive.google.com/drive/folders/1p-tAMu0pk3rDlqVr6p9-wbrzUCdX7OBv,1. Sit Down Interview Productions
event-photography-dr-mckinnon-forbes-event-photography,Dr. McKinnon Forbes — Event Photography,Event photography — 366 images. From Bye Ol' Dentistry. Featuring Dr. McKinnon Forbes.,event photography,Unspecified,Bye Ol' Dentistry,,,,,,,Dr. McKinnon Forbes,lolli-brands,,landscape,1,5,false,none,false,366,image,9,https://drive.google.com/drive/folders/1rAxlRoj-cTeksxzLvEl4B0r0Z75t7rFr,45. Dr. McKinnon Forbes RAW Photos
event-photography-29-26-dr-werber-clinic-production-june-202,"29.26 Dr. Werber — Clinic production, June 2026","Event photography — 10 images. From Bye Ol' Dentistry shot June 29, 2026. Featuring Dr. Werber.",event photography,Clinic production,Bye Ol' Dentistry,,,2026,2026-06-29,,,Dr. Werber,lolli-brands,,landscape,1,5,false,none,false,10,image,1,https://drive.google.com/drive/folders/1O9E7oxiCmSyzzq84OQ7_9hvTiXaW0cYn,06.29.26 Dr. Werber Edited Photos
b-roll-06-29-26-dr-werber-clinic-b-roll,06. 29. 26 Dr. Werber Clinic — B-Roll,"B-roll — 25 images, 84 videos. From Bye Ol' Dentistry. Featuring Dr. Werber.",b-roll,Clinic production,Bye Ol' Dentistry,,,,,,,Dr. Werber,lolli-brands,,landscape,1,5,false,none,false,109,video,1,https://drive.google.com/drive/folders/1trHXwz5nCjKLRBiaaQXe9-xfHr-dUmPK,22. 06. 29. 26 Dr. Werber Clinic
event-photography-dr-jigar-clinic-event-photography-august-2,"Dr. Jigar Clinic — Event Photography, August 2025","Event photography — 191 images. From Bye Ol' Dentistry shot August 14, 2025. Featuring Dr. Jigar.",event photography,Clinic production,Bye Ol' Dentistry,,,2025,2025-08-14,2025-08-16,,Dr. Jigar,lolli-brands,,landscape,0.8,5,false,none,false,192,image,3,https://drive.google.com/drive/folders/12OdU-3T0f6HQl1XBF4jIUsGEgvjObGi0,08/14 - 08/16 '25 Dr. Jigar Clinic Edited Photos
trailer-dr-curatola-clinic-trailer-august-2025,"Dr. Curatola Clinic Trailer, August 2025","Trailer material — 1 video. From Bye Ol' Dentistry shot August 19, 2025. Featuring Dr. Curatola.",trailer,Clinic production,Bye Ol' Dentistry,,,2025,2025-08-19,,,Dr. Curatola,lolli-brands,,,,0,false,none,false,1,video,2,https://drive.google.com/drive/folders/1fdssEbsXr5mg_0IAXh1UVcrFvSQ-k4ss,08/19/25 Dr. Curatola Clinic Edited Trailer
b-roll-dr-jorge-clinic-production-may-2026,"Dr. Jorge — Clinic production, May 2026","B-roll — 80 videos. From Bye Ol' Dentistry shot May 11, 2026. Featuring Dr. Jorge.",b-roll,Clinic production,Bye Ol' Dentistry,,,2026,2026-05-11,,,Dr. Jorge,lolli-brands,,landscape,1,5,false,none,false,80,video,3,https://drive.google.com/drive/folders/1me2RSr8Z8Qb6FiZZi8H1q7pMg7W5q0Uw,05/11/26 Dr. Jorge Raw Videos
event-photography-23-26-dr-sanda-maldova-clinic-production-m,"23.26 Dr. Sanda Maldova — Clinic production, March 2026","Event photography — 80 images. From Bye Ol' Dentistry shot March 23, 2026. Featuring Dr. Sanda Maldova.",event photography,Clinic production,Bye Ol' Dentistry,,,2026,2026-03-23,,,Dr. Sanda Maldova,lolli-brands,,landscape,1,5,false,none,false,80,image,3,https://drive.google.com/drive/folders/1oufOfRUKiUXN7W3alYc9uGVKK7YKrcTd,03.23.26 Dr. Sanda Maldova RAW Photos
event-photography-dr-curatola-clinic-event-photography-augus,"Dr. Curatola Clinic — Event Photography, August 2025","Event photography — 166 images. From Bye Ol' Dentistry shot August 19, 2025. Featuring Dr. Curatola.",event photography,Clinic production,Bye Ol' Dentistry,,,2025,2025-08-19,,,Dr. Curatola,lolli-brands,,landscape,1,5,false,none,false,166,image,4,https://drive.google.com/drive/folders/1u2_gXlb8-zRChd-zhndT8iswc4DElrSZ,08/19/25 Dr. Curatola Clinic Edited Photos
event-photography-dr-catherine-davies-event-photography,Dr. Catherine Davies — Event Photography,Event photography — 366 images. From Bye Ol' Dentistry. Featuring Dr. Catherine Davies.,event photography,Unspecified,Bye Ol' Dentistry,,,,,,,Dr. Catherine Davies,lolli-brands,,landscape,1,5,false,none,false,366,image,6,https://drive.google.com/drive/folders/1ll32MwGuLnuroDKfkGxWR57kI-Ait59L,24. Dr. Catherine Davies RAW Photos
event-photography-duo-smile-clinic-event-photography-may-202,"Duo Smile Clinic — Event Photography, May 2026","Event photography — 247 images, 89 videos. From Bye Ol' Dentistry shot May 8, 2026.",event photography,Clinic production,Bye Ol' Dentistry,,,2026,2026-05-08,,,,lolli-brands,,landscape,1,5,false,none,false,336,image,1,https://drive.google.com/drive/folders/1HYLT5Y1BDLqUaqyXgtJ3mXMiR7IYxkhZ,20. 05.08.26 Duo Smile Clinic
event-photography-dr-cody-kriegel-event-photography,Dr. Cody Kriegel — Event Photography,Event photography — 307 images. From Bye Ol' Dentistry. Featuring Dr. Cody Kriegel.,event photography,Unspecified,Bye Ol' Dentistry,,,,,,,Dr. Cody Kriegel,lolli-brands,,landscape,1,1,false,none,false,307,image,4,https://drive.google.com/drive/folders/1GBNkAIPmKjx7kPlx8pC_hhM_y1IvNinu,3. Dr. Cody Kriegel RAW Photos
trailer-dr-dome-germany-clinic-trailers-october-2025,"Dr. Dome Germany Clinic Trailers, October 2025","Trailer material — 2 videos. From Bye Ol' Dentistry in Germany shot October 12, 2025. Featuring Dr. Dome.",trailer,Clinic production,Bye Ol' Dentistry,,Germany,2025,2025-10-12,2025-10-14,,Dr. Dome,lolli-brands,,,,0,false,none,false,2,video,2,https://drive.google.com/drive/folders/1eYyzzwU80gp2omyeBchrvyppPz3SlQ4D,10/12 - 10/14 '25 Dr. Dome Germany Clinic Edited Trailers
b-roll-dr-dome-germany-clinic-b-roll-october-2025,"Dr. Dome Germany Clinic — B-Roll, October 2025","B-roll — 227 videos. From Bye Ol' Dentistry in Germany shot October 12, 2025. Featuring Dr. Dome.",b-roll,Clinic production,Bye Ol' Dentistry,,Germany,2025,2025-10-12,2025-10-14,,Dr. Dome,lolli-brands,,landscape,1,5,false,none,false,227,video,6,https://drive.google.com/drive/folders/1YX6M-fGp9i28rYtffk8t5egAecVvxGCM,10/12 - 10/14 '25 Dr. Dome Germany Clinic RAW Content
b-roll-sds-walkthrough-clinic-production-october-2025,"SDS Walkthrough — Clinic production, October 2025","B-roll — 70 videos. From Bye Ol' Dentistry shot October 12, 2025.",b-roll,Clinic production,Bye Ol' Dentistry,,,2025,2025-10-12,,,,lolli-brands,,landscape,1,5,false,none,false,71,video,3,https://drive.google.com/drive/folders/1P7yU770PLI-oHnbZha2YN0CGxE0gh2_u,10/12/25 SDS Walkthrough RAW Videos
event-photography-dr-bruce-werber-clinic-event-photography,Dr. Bruce Werber Clinic — Event Photography,"Event photography — 10 images, 1 video. From Bye Ol' Dentistry. Featuring Dr. Bruce Werber.",event photography,Clinic production,Bye Ol' Dentistry,,,,,,,Dr. Bruce Werber,lolli-brands,,landscape,1,5,false,none,false,11,image,1,https://drive.google.com/drive/folders/18MLfztg52nz0ba7VXdRtpC1EEYhHV5Tf,33. Dr. Bruce Werber Clinic Content
event-photography-dr-richard-porcelli-alina-porcelli-event-p,"Dr. Richard Porcelli, Alina Porcelli — Event Photography",Event photography — 232 images. From Bye Ol' Dentistry. Featuring Dr. Richard Porcelli.,event photography,Unspecified,Bye Ol' Dentistry,,,,,,,Dr. Richard Porcelli,lolli-brands,,landscape,0.8,5,false,none,false,232,image,4,https://drive.google.com/drive/folders/1tkyo00wY7MF8EH8sVFCLnMHZdihf0cDN,"9. Dr. Richard Porcelli, Alina Porcelli RAW Photos"
b-roll-fotona-b-roll,Fotona — B-Roll,B-roll — 10 videos. From Bye Ol' Dentistry. Featuring Dr. Olivia Hart.,b-roll,Unspecified,Bye Ol' Dentistry,,,,,,,Dr. Olivia Hart,lolli-brands,,portrait,0.8,5,false,none,false,10,video,1,https://drive.google.com/drive/folders/1WwG9na_ZFmMYqPdAdw2wuE8P_vFJNwvs,42. Fotona Content
event-photography-glagla-event-photography,GlaGla — Event Photography,Event photography — 30 images. From Bye Ol' Dentistry.,event photography,Unspecified,Bye Ol' Dentistry,,,,,,,,lolli-brands,,landscape,0.6,5,false,none,false,30,image,1,https://drive.google.com/drive/folders/19oTIH-9dVzZr1nBmfqFbL0YYMkWVpx5Y,GlaGla
b-roll-dr-eva-hana-luskacova-clinic-b-roll,Dr. Eva & Hana Luskacova Clinic — B-Roll,B-roll — 40 videos. From Bye Ol' Dentistry. Featuring Dr. Eva.,b-roll,Clinic production,Bye Ol' Dentistry,,,,,,,Dr. Eva,lolli-brands,,landscape,1,5,false,none,false,80,video,1,https://drive.google.com/drive/folders/1eouWpIDL02Qit3assYtiIN-LPuQNfDAG,30. Dr. Eva & Hana Luskacova Clinic Content
event-photography-nyc-slate-pictures-event-photography-new-y,"NYC Slate Pictures — Event Photography, New York",Event photography — 24 images. From Bye Ol' Dentistry in New York.,event photography,Unspecified,Bye Ol' Dentistry,,New York,,,,,,lolli-brands,,landscape,1,5,false,none,false,24,image,1,https://drive.google.com/drive/folders/1sItegzpZPkCIQp4OoQVjlt8soB5kAQaH,NYC Slate Pictures
event-photography-sit-down-productions-event-photography,Sit Down Productions — Event Photography,Event photography — 31 images. From Bye Ol' Dentistry.,event photography,Unspecified,Bye Ol' Dentistry,,,,,,,,lolli-brands,,square,1,5,false,none,false,31,image,1,https://drive.google.com/drive/folders/1PuGZmpk-WKzBB88X1H8cL7_EtfrIIk8e,Sit Down Productions
b-roll-with-watermark-b-roll,WITH WATERMARK — B-Roll,B-roll — 12 videos. From Bye Ol' Dentistry.,b-roll,Unspecified,Bye Ol' Dentistry,,,,,,,,lolli-brands,,portrait,1,5,false,none,false,12,video,1,https://drive.google.com/drive/folders/1xYClu1B5FwOV0ToUEX0QRRjXvDHQ9TuR,WITH WATERMARK
b-roll-without-watermark-b-roll,WITHOUT WATERMARK — B-Roll,B-roll — 12 videos. From Bye Ol' Dentistry.,b-roll,Unspecified,Bye Ol' Dentistry,,,,,,,,lolli-brands,,portrait,1,5,false,none,false,12,video,1,https://drive.google.com/drive/folders/1N2MUaql2lnj25q4_LslgfmxhUWHU_VZK,WITHOUT WATERMARK
event-photography-andrew-tate-cover-shoot,Andrew Tate — Cover shoot,"Event photography — 2,779 images. Featuring Andrew Tate.",event photography,Cover shoot,,,,,,,,Andrew Tate,lolli-brands,,portrait,1,5,false,none,false,2781,image,2,https://drive.google.com/drive/folders/1OE9AjYk-tl9038pC0B4ual4NAsZuEOQK,Andrew Tate RAW Photos
event-photography-bye-ol-dentistry-event-photography,Bye Ol' Dentistry — Event Photography,Event photography — 22 images. From Bye Ol' Dentistry.,event photography,Unspecified,Bye Ol' Dentistry,,,,,,,,lolli-brands,,landscape,1,5,false,none,false,22,image,2,https://drive.google.com/drive/folders/1G61u8qdjV0BRRY-TZF1AHxaR6uivyCzX,Group Photos
poster-cover-mock-ups-key-art,Cover Mock Ups — Key Art,Key art — 4 images. Featuring Andrew Tate.,poster,Cover shoot,,,,,,,,Andrew Tate,lolli-brands,,,,0,false,none,false,4,image,1,https://drive.google.com/drive/folders/1tm1IyfSnj6rJob54GcMHWIlZaIZfLdaa,Cover Mock Ups
event-photography-pagani-cover-shoot,PAGANI — Cover shoot,Event photography — 10 images. Featuring Andrew Tate.,event photography,Cover shoot,,,,,,,,Andrew Tate,lolli-brands,,portrait,1,5,false,none,false,10,image,1,https://drive.google.com/drive/folders/1xo11x8Cq-HT07_B0oD0Drxg-E5Ctwy8K,PAGANI
event-photography-hack-your-health-alive-innovations-booth-2,"Hack Your Health — Alive Innovations Booth 2 — Event Photography, November 2025","Event photography — 27 images. From Hack Your Health shot November 13, 2025.",event photography,Unspecified,,Hack Your Health,,2025,2025-11-13,2025-11-15,,,biohack-yourself,,landscape,0.6,5,false,none,false,27,image,2,https://drive.google.com/drive/folders/1LpLfWbfndhQo_n6_bENU3lzfjeu7zTSG,Alive Innovations Booth 2
event-photography-hack-your-health-carnivore-bar-event-photo,"Hack Your Health — Carnivore Bar — Event Photography, November 2025","Event photography — 19 images, 11 videos. From Hack Your Health shot November 13, 2025.",event photography,Unspecified,,Hack Your Health,,2025,2025-11-13,2025-11-15,,,biohack-yourself,,landscape,0.8,5,false,none,false,42,image,4,https://drive.google.com/drive/folders/1UHG6Exk9M6xNmTIV5sW6pU3BWPmw668r,02. Carnivore Bar
event-photography-hack-your-health-dancing-event-photography,"Hack Your Health — Dancing — Event Photography, November 2025","Event photography — 18 images. From Hack Your Health shot November 13, 2025.",event photography,Unspecified,,Hack Your Health,,2025,2025-11-13,2025-11-15,,,biohack-yourself,,landscape,0.6,5,false,none,false,18,image,1,https://drive.google.com/drive/folders/10_ga1CkCPngIuRr-HqbXmykjH6G2G8uN,Dancing
event-photography-hack-your-health-dr-fab-book-signing-event,"Hack Your Health — Dr. Fab Book Signing — Event Photography, November 2025","Event photography — 88 images, 24 videos. From Hack Your Health shot November 13, 2025. Featuring Dr. Fab.",event photography,Book signing,,Hack Your Health,,2025,2025-11-13,2025-11-15,,Dr. Fab,biohack-yourself,,landscape,1,5,false,context,false,136,image,2,https://drive.google.com/drive/folders/1WTIwUD4GKndAAJfK8h5mnefoCMdRAhwd,09. Dr. Fab Book Signing
event-photography-hack-your-health-energy-bits-booth-event-p,"Hack Your Health — Energy Bits Booth — Event Photography, November 2025","Event photography — 17 images. From Hack Your Health shot November 13, 2025.",event photography,Unspecified,,Hack Your Health,,2025,2025-11-13,2025-11-15,,,biohack-yourself,,portrait,0.8,5,false,none,false,17,image,1,https://drive.google.com/drive/folders/1S42r9SG9wby-XHXHc-_WL84po_bBUjMt,Energy Bits Booth
event-photography-hack-your-health-expo-hall-conference-nove,"Hack Your Health — Expo Hall — Conference, November 2025","Event photography — 145 images. From Hack Your Health shot November 13, 2025.",event photography,Conference,,Hack Your Health,,2025,2025-11-13,2025-11-15,,,biohack-yourself,,landscape,0.8,5,false,none,false,145,image,1,https://drive.google.com/drive/folders/105ShORu9Wcy1emPPs0fYmzDv-On1W4U8,Expo Hall
event-photography-hack-your-health-leela-quantum-booth-event,"Hack Your Health — Leela Quantum Booth — Event Photography, November 2025","Event photography — 10 images. From Hack Your Health shot November 13, 2025.",event photography,Unspecified,,Hack Your Health,,2025,2025-11-13,2025-11-15,,,biohack-yourself,,portrait,0.8,5,false,none,false,10,image,1,https://drive.google.com/drive/folders/10Qn5YupIy9_uEKn5YSwCuep02jUxY6WF,Leela Quantum Booth
event-photography-hack-your-health-mind-gym-booth-event-phot,"Hack Your Health — Mind Gym Booth — Event Photography, November 2025","Event photography — 10 images. From Hack Your Health shot November 13, 2025.",event photography,Unspecified,,Hack Your Health,,2025,2025-11-13,2025-11-15,,,biohack-yourself,,portrait,0.6,5,false,none,false,10,image,1,https://drive.google.com/drive/folders/1pHBdcFIrFsY3XVWYPmc7MIcIIPJZy2qh,Mind Gym Booth
event-photography-hack-your-health-farrow-booth-event-photog,"Hack Your Health — Farrow Booth — Event Photography, November 2025","Event photography — 10 images. From Hack Your Health shot November 13, 2025.",event photography,Unspecified,,Hack Your Health,,2025,2025-11-13,2025-11-15,,,biohack-yourself,,portrait,0.8,5,false,none,false,10,image,1,https://drive.google.com/drive/folders/1COsmA0IFEehI6rzLNqSbkOvu4ca_BY5l,Farrow Booth
event-photography-hack-your-health-myoxcience-booth-event-ph,"Hack Your Health — Myoxcience Booth — Event Photography, November 2025","Event photography — 12 images. From Hack Your Health shot November 13, 2025.",event photography,Unspecified,,Hack Your Health,,2025,2025-11-13,2025-11-15,,,biohack-yourself,,portrait,1,5,false,none,false,12,image,1,https://drive.google.com/drive/folders/1TnKO9_7jJWzICIJF2l3O98KrKoE3Bev6,Myoxcience Booth
event-photography-hack-your-health-your-second-fifty-event-p,"Hack Your Health — Your Second Fifty — Event Photography, November 2025","Event photography — 43 images. From Hack Your Health shot November 13, 2025.",event photography,Unspecified,,Hack Your Health,,2025,2025-11-13,2025-11-15,,,biohack-yourself,,landscape,0.6,5,false,none,false,43,image,1,https://drive.google.com/drive/folders/1qvK22bIhcQ3vJFThXiYSMmaXm0OGJiZk,Your Second Fifty
event-photography-you-vs-you-cover-shoot,You vs You — Cover shoot,Event photography — 23 images. Featuring Andrew Tate.,event photography,Cover shoot,,,,,,,,Andrew Tate,lolli-brands,,portrait,1,5,false,none,false,23,image,1,https://drive.google.com/drive/folders/1n_XxHs4_qlWl8isPhVGHeFJLAD2pLPYH,You vs You
b-roll-hack-your-health-day-02-rawfootage-b-roll-november-20,"Hack Your Health — Day_02_RawFootage — B-Roll, November 2025","B-roll — 28 files. From Hack Your Health shot November 13, 2025.",b-roll,Unspecified,,Hack Your Health,,2025,2025-11-13,2025-11-15,,,biohack-yourself,,landscape,1,5,false,none,false,28,other,3,https://drive.google.com/drive/folders/1sCb98PuYOGa7byzG5P04h7PX4yR9cAdZ,Day_02_RawFootage
event-photography-do-not-use-shuaib-edits-cover-shoot,DO NOT USE Shuaib Edits — Cover shoot,Event photography — 20 images. Featuring Andrew Tate.,event photography,Cover shoot,,,,,,,,Andrew Tate,lolli-brands,,portrait,1,5,false,none,false,21,image,1,https://drive.google.com/drive/folders/1vOYOd6zEp0-I2nhHXHr4VqoJYkw8v6da,DO NOT USE Shuaib Edits
magazine-jay-dhaliwal-issue-4-interview,Jay Dhaliwal — Issue #4 — Interview,"Magazine production files — 16 videos. From Biohack Yourself. Featuring Dr. Gabrielle Lyon, Jay Dhaliwal.",magazine,Interview,Biohack Yourself,,,,,,,Dr. Gabrielle Lyon; Jay Dhaliwal,biohack-yourself,4,portrait,1,5,false,none,false,16,video,1,https://drive.google.com/drive/folders/1zlhchOvQfL7Q6rWnj5NjKnDPNgSs49y_,Jay Dhaliwal Edited Shorts
magazine-jay-dhaliwal-issue-4-interview-1j4wlo,Jay Dhaliwal — Issue #4 — Interview,"Magazine production files — 55 images. From Biohack Yourself. Featuring Dr. Gabrielle Lyon, Jay Dhaliwal.",magazine,Interview,Biohack Yourself,,,,,,,Dr. Gabrielle Lyon; Jay Dhaliwal,biohack-yourself,4,landscape,1,5,false,none,false,56,image,2,https://drive.google.com/drive/folders/1j4wlO9am6lOVWz2hkkuCBZXZhirciqRz,Jay Dhaliwal Edited Photos
bts-cynthia-thurlow-behind-the-scenes,Cynthia Thurlow — Behind the Scenes,"Behind-the-scenes coverage — 11 images, 1 video. From sHEALed.",BTS,Unspecified,sHEALed,,,,,,,,lolli-brands,,landscape,0.8,5,false,context,false,12,image,10,https://drive.google.com/drive/folders/14pND88IqK3th3LJc2JRFxCd9wRE6GTJd,Cynthia Thurlow BTS
event-photography-a4m-red-carpet-ben-greenfield-premiere-dec,"A4M Red Carpet — Ben Greenfield — Premiere, December 2024","Event photography — 13 images. From A4M Red Carpet shot December 15, 2024.",event photography,Premiere,Biohack Yourself,A4M Red Carpet,,2024,2024-12-15,,,,biohack-yourself,,landscape,1,5,false,context,false,13,image,1,https://drive.google.com/drive/folders/14B1ATs4QbGGbfuRf3o3ScmQICXBV52Ia,Ben Greenfield
b-roll-del-bigtree-b-roll,Del Bigtree — B-Roll,B-roll — 35 videos. From sHEALed. Featuring Del Bigtree.,b-roll,Unspecified,sHEALed,,,,,,,Del Bigtree,lolli-brands,,portrait,1,5,false,none,false,35,video,8,https://drive.google.com/drive/folders/1sakuA3lM6gHxCe7RvEgBM3obM52nlJDV,5. Del Bigtree
magazine-a4m-red-carpet-box-magazine-premiere-december-2024,"A4M Red Carpet — Box Magazine — Premiere, December 2024","Magazine production files — 27 images. From A4M Red Carpet shot December 15, 2024.",magazine,Premiere,Biohack Yourself,A4M Red Carpet,,2024,2024-12-15,,,,biohack-yourself,,portrait,1,5,false,context,false,27,image,1,https://drive.google.com/drive/folders/1x_fOXt8J2p6Gm4J8LV50KRM9clx0DVB-,Box Magazine
event-photography-a4m-red-carpet-dave-asprey-premiere-decemb,"A4M Red Carpet — Dave Asprey — Premiere, December 2024","Event photography — 12 images. From A4M Red Carpet shot December 15, 2024.",event photography,Premiere,Biohack Yourself,A4M Red Carpet,,2024,2024-12-15,,,,biohack-yourself,,landscape,0.8,5,false,context,false,12,image,1,https://drive.google.com/drive/folders/15C78K5YuFFPS-cHrQaHPdHdXbv5-HDMB,Dave Asprey
bts-alexia-clark-behind-the-scenes,Alexia Clark — Behind the Scenes,"Behind-the-scenes coverage — 11 images, 1 video. From sHEALed.",BTS,Unspecified,sHEALed,,,,,,,,lolli-brands,,landscape,0.8,5,false,context,false,12,image,8,https://drive.google.com/drive/folders/1x9PoM8YeNo2X2f3LVwPOGAPCrsAzpsQh,Alexia Clark BTS
interview-a4m-red-carpet-crowd-interviews-premiere-december-,"A4M Red Carpet — Crowd / Interviews — Premiere, December 2024","Interview footage — 128 images. From A4M Red Carpet shot December 15, 2024.",interview,Premiere,Biohack Yourself,A4M Red Carpet,,2024,2024-12-15,,,,biohack-yourself,,landscape,1,5,false,context,false,128,image,1,https://drive.google.com/drive/folders/17XFN4LiG-soKZNSPj4uu_t-tU4mNGCGj,Crowd / Interviews
event-photography-a4m-red-carpet-biohack-yourself-premiere-e,"A4M Red Carpet — Biohack Yourself Premiere — Event Photography, December 2024","Event photography — 756 images. From A4M Red Carpet shot December 15, 2024.",event photography,Premiere,Biohack Yourself,A4M Red Carpet,,2024,2024-12-15,,,,biohack-yourself,,portrait,1,5,false,context,false,759,image,1,https://drive.google.com/drive/folders/1Ihmi8sR2CsEV4g9tjtTx-ngArZgfMWIp,Biohack Yourself Premiere
b-roll-dr-kellyann-petrucci-b-roll,Dr Kellyann Petrucci — B-Roll,B-roll — 20 videos. From sHEALed. Featuring Dr. Kellyann Petrucci.,b-roll,Unspecified,sHEALed,,,,,,,Dr. Kellyann Petrucci,lolli-brands,,portrait,1,5,false,none,false,21,video,10,https://drive.google.com/drive/folders/1WXVYxW8icoqoIN5Px5_vn8sxjtHlMKgv,36. Dr Kellyann Petrucci
event-photography-a4m-red-carpet-group-stars-premiere-decemb,"A4M Red Carpet — Group Stars — Premiere, December 2024","Event photography — 14 images. From A4M Red Carpet shot December 15, 2024.",event photography,Premiere,Biohack Yourself,A4M Red Carpet,,2024,2024-12-15,,,,biohack-yourself,,landscape,0.8,5,false,context,false,14,image,1,https://drive.google.com/drive/folders/1qsIdjWtEI3VewLW436NYBvYj-ry5n31q,Group Stars
bts-jj-virgin-behind-the-scenes,JJ Virgin — Behind the Scenes,"Behind-the-scenes coverage — 17 images, 1 video. From sHEALed.",BTS,Unspecified,sHEALed,,,,,,,,lolli-brands,,landscape,0.8,5,false,context,false,18,image,7,https://drive.google.com/drive/folders/18VWNI7-S1YVzBOYzZwa_RoGy61K6Ap54,JJ Virgin BTS
event-photography-a4m-red-carpet-leila-centner-premiere-dece,"A4M Red Carpet — Leila Centner — Premiere, December 2024","Event photography — 15 images. From A4M Red Carpet shot December 15, 2024.",event photography,Premiere,Biohack Yourself,A4M Red Carpet,,2024,2024-12-15,,,,biohack-yourself,,landscape,0.8,5,false,context,false,15,image,1,https://drive.google.com/drive/folders/1bxw0rzOk5W7EmltkZY5VYf0HmpgZmwgG,Leila Centner
b-roll-03-kayla-barnes-b-roll,03 Kayla Barnes — B-Roll,B-roll — 25 videos. From sHEALed.,b-roll,Unspecified,sHEALed,,,,,,,,lolli-brands,,landscape,1,1,false,none,false,50,video,9,https://drive.google.com/drive/folders/1bwXoc6yuvWZuF5GalHZu8BEA9Zg20nHJ,03 Kayla Barnes Raw Video
event-photography-a4m-red-carpet-obba-babatund-premiere-dece,"A4M Red Carpet — Obba Babatundé — Premiere, December 2024","Event photography — 12 images. From A4M Red Carpet shot December 15, 2024.",event photography,Premiere,Biohack Yourself,A4M Red Carpet,,2024,2024-12-15,,,,biohack-yourself,,portrait,0.8,5,false,context,false,12,image,1,https://drive.google.com/drive/folders/12cFYq6H4z69S3UsxbA2dgKirvhcnFJBm,Obba Babatundé
event-photography-a4m-red-carpet-lollis-premiere-december-20,"A4M Red Carpet — Lollis — Premiere, December 2024","Event photography — 106 images. From A4M Red Carpet shot December 15, 2024.",event photography,Premiere,Biohack Yourself,A4M Red Carpet,,2024,2024-12-15,,,,biohack-yourself,,portrait,0.6,5,false,context,false,106,image,2,https://drive.google.com/drive/folders/1f1veM2TJzkAN3XF54q_6RktUmKNEqspG,Lollis
logo-maha-inaugural-ball-with-maha-logo-logos-january-2025,"MAHA Inaugural Ball — With MAHA Logo — Logos, January 2025","Logo and wordmark files — 10 videos. From MAHA Inaugural Ball shot January 20, 2025.",logo,Unspecified,,MAHA Inaugural Ball,,2025,2025-01-20,,,,biohack-yourself,,landscape,0.6,5,false,none,false,10,video,1,https://drive.google.com/drive/folders/1Ww5I5JBZwOpgIY3IezjycW5fkJuxSuOh,With MAHA Logo
magazine-sas-turning-point-sas-ugc-magazines-tampa-july-2025,"SAS Turning Point — SAS UGC Magazines, Tampa, July 2025","Magazine production files — 10 videos. From SAS Turning Point in Tampa shot July 12, 2025.",magazine,Unspecified,,SAS Turning Point,Tampa,2025,2025-07-12,,,,biohack-yourself,,portrait,1,5,false,none,false,10,video,1,https://drive.google.com/drive/folders/1akl3L1bccXJ28UEtxZVOl1vyDhLZo9uo,SAS UGC Magazines
b-roll-sunscreen-film-festival-the-guru-festival-b-roll-apri,"SunScreen Film Festival — The Guru Festival — B-Roll, April 2024","B-roll — 11 files. From SunScreen Film Festival shot April 24, 2024.",b-roll,Festival,The Guru,SunScreen Film Festival,,2024,2024-04-24,,,,lolli-brands,,landscape,1,5,false,context,false,11,other,1,https://drive.google.com/drive/folders/1Ehs_tdB2mGr2XHE-rwUtwB36zbao64pA,The Guru Festival RAW Footage
b-roll-shealed-long-form-edits-b-roll,sHEALed Long Form Edits — B-Roll,B-roll — 80 videos. From sHEALed.,b-roll,Unspecified,sHEALed,,,,,,,,lolli-brands,,landscape,1,5,false,context,false,81,video,1,https://drive.google.com/drive/folders/1ttujdlSlulzR-hlde8drjKNG6zMSkqiF,sHEALed Long Form Edits
event-photography-shealed-product-reference-stills-not-actua,sHEALed Product REFERENCE Stills (not actual — Event Photography,Event photography — 36 images. From sHEALed.,event photography,Unspecified,sHEALed,,,,,,,,lolli-brands,,landscape,1,5,false,none,false,36,image,1,https://drive.google.com/drive/folders/1ZLdtQSjuAG3NqBh1JOQ-N1mrx2IlbsFX,sHEALed Product REFERENCE Stills (not actual media)
interview-zenos-health-summit-zenos-interview-conference-oct,"Zenos Health Summit — Zenos Interview — Conference, October 2025","Interview footage — 45 videos. From Zenos Health Summit shot October 23, 2025.",interview,Conference,,Zenos Health Summit,,2025,2025-10-23,2025-10-25,,,biohack-yourself,,landscape,1,5,false,none,false,45,video,1,https://drive.google.com/drive/folders/1pzCEceW7AYbJ5TvsgoJV8Je6xE9JkTBv,Zenos RAW Interview Footage
event-photography-shealed-product-event-photography,sHEALed Product — Event Photography,Event photography — 46 images. From sHEALed.,event photography,Unspecified,sHEALed,,,,,,,,lolli-brands,,landscape,1,5,false,none,false,49,image,1,https://drive.google.com/drive/folders/1--NBQcuC-hK9SADH-FouhVwZGTfU2aiz,sHEALed Product Photo
logo-zenos-health-summit-with-logo-conference-october-2025,"Zenos Health Summit — With Logo — Conference, October 2025","Logo and wordmark files — 6 videos. From Zenos Health Summit shot October 23, 2025.",logo,Conference,,Zenos Health Summit,,2025,2025-10-23,2025-10-25,,,biohack-yourself,,,,0,false,none,false,6,video,1,https://drive.google.com/drive/folders/1C8KDcWiR2S5HwO4dG85tdvAwXTHJBSVC,With Logo
logo-zenos-health-summit-no-logo-conference-october-2025,"Zenos Health Summit — No Logo — Conference, October 2025","Logo and wordmark files — 6 videos. From Zenos Health Summit shot October 23, 2025.",logo,Conference,,Zenos Health Summit,,2025,2025-10-23,2025-10-25,,,biohack-yourself,,,,0,false,none,false,6,video,1,https://drive.google.com/drive/folders/1j6zutbRjCtuvWBwbXQg1lAoWpOASXAxj,No Logo
bts-kelly-leveque-behind-the-scenes,Kelly Leveque — Behind the Scenes,"Behind-the-scenes coverage — 11 images, 1 video. From sHEALed.",BTS,Unspecified,sHEALed,,,,,,,,lolli-brands,,landscape,0.8,5,false,context,false,12,image,9,https://drive.google.com/drive/folders/1PLd2o8EMFklh4z3DaObjucg-fLSVZeFn,Kelly Leveque BTS
bts-dr-ana-maria-temple-behind-the-scenes,Dr. Ana Maria Temple — Behind the Scenes,"Behind-the-scenes coverage — 10 images, 1 video. From sHEALed. Featuring Dr. Ana Maria, Ana Maria.",BTS,Unspecified,sHEALed,,,,,,,Dr. Ana Maria; Ana Maria,lolli-brands,,landscape,0.8,5,false,context,false,11,image,5,https://drive.google.com/drive/folders/1vU6IMbRHRdErJgejpGpaaZPF8pH-sV-Q,Dr. Ana Maria Temple BTS
b-roll-dr-uma-naidoo-b-roll,Dr. Uma Naidoo — B-Roll,B-roll — 10 videos. From sHEALed. Featuring Dr. Uma Naidoo.,b-roll,Unspecified,sHEALed,,,,,,,Dr. Uma Naidoo,lolli-brands,,portrait,1,5,false,none,false,10,video,5,https://drive.google.com/drive/folders/199lzitB1yyzAc9n6p1cL80RHsXqWQmww,21. Dr. Uma Naidoo
bts-lisa-nichols-behind-the-scenes,Lisa Nichols — Behind the Scenes,"Behind-the-scenes coverage — 11 images, 1 video. From sHEALed.",BTS,Unspecified,sHEALed,,,,,,,,lolli-brands,,landscape,0.8,5,false,context,false,12,image,9,https://drive.google.com/drive/folders/1qhTEDZUApnn0F449ydTN9pDO89ZoY8kH,Lisa Nichols BTS
bts-dr-scott-greenberg-behind-the-scenes,Dr. Scott Greenberg — Behind the Scenes,"Behind-the-scenes coverage — 13 images, 1 video. From sHEALed. Featuring Dr. Scott Greenberg.",BTS,Unspecified,sHEALed,,,,,,,Dr. Scott Greenberg,lolli-brands,,landscape,0.8,5,false,context,false,14,image,10,https://drive.google.com/drive/folders/13xpdse10Iz4yYE9I91fpcElClX9z4nzJ,Dr. Scott Greenberg BTS
bts-emily-fletcher-behind-the-scenes,Emily Fletcher — Behind the Scenes,"Behind-the-scenes coverage — 16 images, 1 video. From sHEALed.",BTS,Unspecified,sHEALed,,,,,,,,lolli-brands,,landscape,0.6,5,false,context,false,17,image,10,https://drive.google.com/drive/folders/18Nw6j84k3fMHEo_8CDdDd982kJS6V_NU,Emily Fletcher BTS
bts-gary-brecka-sage-workinger-brecka-behind-the-scenes,Gary Brecka & Sage Workinger-Brecka — Behind the Scenes,"Behind-the-scenes coverage — 15 images, 1 video. From sHEALed. Featuring Gary Brecka.",BTS,Unspecified,sHEALed,,,,,,,Gary Brecka,lolli-brands,,landscape,0.8,5,false,context,false,16,image,4,https://drive.google.com/drive/folders/1AQmHfrK0KckAOu3-QkzXsPd6FIH58bzQ,Gary Brecka & Sage Workinger-Brecka BTS
bts-dr-george-shapiro-behind-the-scenes,Dr. George Shapiro — Behind the Scenes,"Behind-the-scenes coverage — 10 images, 1 video. From sHEALed. Featuring Dr. George Shapiro.",BTS,Unspecified,sHEALed,,,,,,,Dr. George Shapiro,lolli-brands,,landscape,0.8,5,false,context,false,11,image,7,https://drive.google.com/drive/folders/1wIDbHV8BAjfXnM1nTAaCPTpRtdEkKA7b,Dr. George Shapiro BTS
bts-dr-catharine-arnston-behind-the-scenes,Dr. Catharine Arnston — Behind the Scenes,"Behind-the-scenes coverage — 11 images, 1 video. From sHEALed. Featuring Dr. Catharine Arnston.",BTS,Unspecified,sHEALed,,,,,,,Dr. Catharine Arnston,lolli-brands,,landscape,0.8,5,false,context,false,12,image,3,https://drive.google.com/drive/folders/1gUA-RTwAvQOiKq2WUHYxf0pFafVMz7q7,Dr. Catharine Arnston BTS
bts-mei-lan-behind-the-scenes,Mei Lan — Behind the Scenes,"Behind-the-scenes coverage — 17 images, 1 video. From sHEALed.",BTS,Unspecified,sHEALed,,,,,,,,lolli-brands,,landscape,0.8,5,false,context,false,18,image,10,https://drive.google.com/drive/folders/1eluLZH3yMlTk9qr5nhvBRBVe7JE5AVEQ,Mei Lan BTS
bts-kayla-barnes-lentz-behind-the-scenes,Kayla Barnes-Lentz — Behind the Scenes,"Behind-the-scenes coverage — 13 images, 1 video. From sHEALed.",BTS,Unspecified,sHEALed,,,,,,,,lolli-brands,,landscape,0.8,5,false,context,false,14,image,2,https://drive.google.com/drive/folders/1sTz28z1yFGHeZoNZQZ3EReCQMQEa8NgQ,Kayla Barnes-Lentz BTS
b-roll-dr-jennifer-simmons-b-roll,Dr Jennifer Simmons — B-Roll,B-roll — 18 videos. From sHEALed. Featuring Dr. Jennifer Simmons.,b-roll,Unspecified,sHEALed,,,,,,,Dr. Jennifer Simmons,lolli-brands,,portrait,1,5,false,none,false,19,video,9,https://drive.google.com/drive/folders/1izvnOBMaRzHKrmqXESIez-oAG2_4gmho,35. Dr Jennifer Simmons
bts-dr-amie-hornaman-behind-the-scenes,Dr. Amie Hornaman — Behind the Scenes,"Behind-the-scenes coverage — 13 images, 1 video. From sHEALed. Featuring Dr. Amie Hornaman.",BTS,Unspecified,sHEALed,,,,,,,Dr. Amie Hornaman,lolli-brands,,landscape,0.8,5,false,context,false,14,image,9,https://drive.google.com/drive/folders/1rzOWWYd8E6Sqe8UJP96RGEEEIZ-CJyEM,Dr. Amie Hornaman BTS
b-roll-04-dr-caitlin-czezowski-b-roll,04 Dr. Caitlin Czezowski — B-Roll,B-roll — 11 videos. From sHEALed. Featuring Dr. Caitlin Czezowski.,b-roll,Unspecified,sHEALed,,,,,,,Dr. Caitlin Czezowski,lolli-brands,,,0,0,false,none,false,22,video,10,https://drive.google.com/drive/folders/1YZa6X9Hwyq86_AJupeIczwEgJgKcr_rN,04 Dr. Caitlin Czezowski Raw Video
bts-dr-austin-lake-behind-the-scenes,Dr. Austin Lake — Behind the Scenes,"Behind-the-scenes coverage — 11 images, 1 video. From sHEALed in Austin. Featuring Dr. Austin Lake.",BTS,Unspecified,sHEALed,,Austin,,,,,Dr. Austin Lake,lolli-brands,,landscape,0.8,5,false,context,false,12,image,6,https://drive.google.com/drive/folders/1_N9AIjrXkSIEaba05AcnEPFaWVZ2g1P8,Dr. Austin Lake BTS
b-roll-03-sean-freitas-b-roll,03 Sean Freitas — B-Roll,B-roll — 18 videos. From sHEALed.,b-roll,Unspecified,sHEALed,,,,,,,,lolli-brands,,landscape,1,5,false,none,false,36,video,9,https://drive.google.com/drive/folders/1Zzl7L0DuCFXBxX6IwEBklzNXnWTobyKP,03 Sean Freitas Raw Video
bts-dr-carrie-jones-behind-the-scenes,Dr. Carrie Jones — Behind the Scenes,"Behind-the-scenes coverage — 14 images, 1 video. From sHEALed. Featuring Dr. Carrie Jones.",BTS,Unspecified,sHEALed,,,,,,,Dr. Carrie Jones,lolli-brands,,landscape,0.8,5,false,context,false,15,image,9,https://drive.google.com/drive/folders/1PHTUrCNWNZ3QbXKVHnmX0mP_VfqbOtg0,Dr. Carrie Jones BTS
b-roll-01-dr-robert-whitfield-b-roll,01 Dr. Robert Whitfield — B-Roll,B-roll — 26 videos. From sHEALed. Featuring Dr. Robert Whitfield.,b-roll,Unspecified,sHEALed,,,,,,,Dr. Robert Whitfield,lolli-brands,,landscape,1,5,false,none,false,52,video,8,https://drive.google.com/drive/folders/1xHoMN2hrUEQFI4S2wwkgirj82pTVj1cf,01 Dr. Robert Whitfield Raw Video
bts-dr-gregory-rauscher-and-brad-muncy-behind-the-scenes,Dr. Gregory Rauscher and Brad Muncy — Behind the Scenes,"Behind-the-scenes coverage — 13 images, 1 video. From sHEALed. Featuring Dr. Gregory Rauscher.",BTS,Unspecified,sHEALed,,,,,,,Dr. Gregory Rauscher,lolli-brands,,landscape,0.8,5,false,context,false,14,image,3,https://drive.google.com/drive/folders/1jh6NcMq78qlRA16yZRdyzQTZFJ9UTE0f,Dr. Gregory Rauscher and Brad Muncy BTS
bts-dr-nicholas-perricone-behind-the-scenes,Dr. Nicholas Perricone — Behind the Scenes,"Behind-the-scenes coverage — 11 images, 1 video. From sHEALed. Featuring Dr. Nicholas Perricone.",BTS,Unspecified,sHEALed,,,,,,,Dr. Nicholas Perricone,lolli-brands,,landscape,0.8,5,false,context,false,12,image,4,https://drive.google.com/drive/folders/1nKhhMoq-DTdPWcoNGKq7nBWdoOF7YIxS,Dr. Nicholas Perricone BTS
bts-dr-annette-bosworth-behind-the-scenes,Dr. Annette Bosworth — Behind the Scenes,"Behind-the-scenes coverage — 12 images, 1 video. From sHEALed. Featuring Dr. Annette Bosworth.",BTS,Unspecified,sHEALed,,,,,,,Dr. Annette Bosworth,lolli-brands,,landscape,0.6,5,false,context,false,13,image,5,https://drive.google.com/drive/folders/142tNjNDBu5lhbuieH6TRtOnoVv6PJdjD,Dr. Annette Bosworth BTS
bts-dr-cate-shanahan-behind-the-scenes,Dr. Cate Shanahan — Behind the Scenes,"Behind-the-scenes coverage — 14 images, 1 video. From sHEALed. Featuring Dr. Cate Shanahan.",BTS,Unspecified,sHEALed,,,,,,,Dr. Cate Shanahan,lolli-brands,,landscape,0.8,5,false,context,false,15,image,8,https://drive.google.com/drive/folders/1UQeC53s7T44MSsLf95orMTB556qt6dfv,Dr. Cate Shanahan BTS
bts-elena-cardone-behind-the-scenes,Elena Cardone — Behind the Scenes,"Behind-the-scenes coverage — 15 images, 1 video. From sHEALed.",BTS,Unspecified,sHEALed,,,,,,,,lolli-brands,,landscape,0.8,5,false,context,false,16,image,5,https://drive.google.com/drive/folders/15S6VLuw5NGmb6K3h_afcs6i5S-h6ylKp,Elena Cardone BTS
b-roll-01-debra-atkinson-b-roll,01 Debra Atkinson — B-Roll,B-roll — 48 videos. From sHEALed.,b-roll,Unspecified,sHEALed,,,,,,,,lolli-brands,,landscape,1,2,false,none,false,98,other,7,https://drive.google.com/drive/folders/1wUp0sswxbcQiuii-Ec1GLOeb3GMrGukX,01 Debra Atkinson Raw Video
bts-dr-whitney-bowe-behind-the-scenes,Dr. Whitney Bowe — Behind the Scenes,"Behind-the-scenes coverage — 13 images, 1 video. From sHEALed. Featuring Dr. Whitney Bowe.",BTS,Unspecified,sHEALed,,,,,,,Dr. Whitney Bowe,lolli-brands,,landscape,0.8,5,false,context,false,14,image,6,https://drive.google.com/drive/folders/1w8aIkSg3uRKicyWLjhczHs-ZKhxM3lOb,Dr. Whitney Bowe BTS
bts-dr-monisha-bhanote-behind-the-scenes,Dr. Monisha Bhanote — Behind the Scenes,"Behind-the-scenes coverage — 10 images, 1 video. From sHEALed. Featuring Dr. Monisha Bhanote.",BTS,Unspecified,sHEALed,,,,,,,Dr. Monisha Bhanote,lolli-brands,,landscape,0.8,5,false,context,false,11,image,3,https://drive.google.com/drive/folders/1aOBzof68zHNfAg1mO4JIOd9GkHip0mTV,Dr. Monisha Bhanote BTS
bts-dr-kelly-mccann-behind-the-scenes,Dr. Kelly McCann — Behind the Scenes,"Behind-the-scenes coverage — 9 images, 1 video. From sHEALed. Featuring Dr. Kelly McCann.",BTS,Unspecified,sHEALed,,,,,,,Dr. Kelly McCann,lolli-brands,,landscape,0.8,5,false,context,false,10,image,4,https://drive.google.com/drive/folders/1hfg-LSv8nOnuxD3U6OMJqYPXPLBd8JQa,Dr. Kelly McCann BTS
bts-dr-betty-murray-behind-the-scenes,Dr. Betty Murray — Behind the Scenes,"Behind-the-scenes coverage — 10 images, 1 video. From sHEALed. Featuring Dr. Betty Murray.",BTS,Unspecified,sHEALed,,,,,,,Dr. Betty Murray,lolli-brands,,landscape,0.8,5,false,context,false,11,image,6,https://drive.google.com/drive/folders/1sBMHCLPKp1FhOnuWbk17a09immBDj1oj,Dr. Betty Murray BTS
event-photography-dr-paul-barattiero-event-photography,Dr. Paul Barattiero — Event Photography,"Event photography — 15 images, 1 video. From sHEALed. Featuring Dr. Paul Barattiero.",event photography,Unspecified,sHEALed,,,,,,,Dr. Paul Barattiero,lolli-brands,,landscape,0.8,5,false,none,false,16,image,7,https://drive.google.com/drive/folders/1aXVvC0SeVCiuZtJs4_l0V83lDsLKSkIM,Dr. Paul Barattiero
b-roll-07-chris-moore-b-roll,07 Chris Moore — B-Roll,B-roll — 20 videos. From sHEALed.,b-roll,Unspecified,sHEALed,,,,,,,,lolli-brands,,mixed,0.5,2,false,none,false,40,video,8,https://drive.google.com/drive/folders/1g1Iu5r-fC_sdEJCRexDrchbOsrLnVJ1v,07 Chris Moore Raw Video
b-roll-02-dr-will-cole-b-roll,02 Dr. Will Cole — B-Roll,B-roll — 16 videos. From sHEALed. Featuring Dr. Will Cole.,b-roll,Unspecified,sHEALed,,,,,,,Dr. Will Cole,lolli-brands,,landscape,1,1,false,none,false,33,other,9,https://drive.google.com/drive/folders/1oXWwBGA4Sf3LsLUTQHAoRPpUf36dCMvV,02 Dr. Will Cole Raw Video
b-roll-01-colette-schnabel-b-roll,01 Colette Schnabel — B-Roll,B-roll — 14 videos. From sHEALed.,b-roll,Unspecified,sHEALed,,,,,,,,lolli-brands,,landscape,1,1,false,none,false,29,other,9,https://drive.google.com/drive/folders/13x-y5wRbLjPBbzSvlff8FTYPYvNXBwI1,01 Colette Schnabel Raw Video
b-roll-01-regan-hillyer-b-roll,01 Regan Hillyer — B-Roll,B-roll — 14 videos. From sHEALed.,b-roll,Unspecified,sHEALed,,,,,,,,lolli-brands,,,0,0,false,none,false,28,video,9,https://drive.google.com/drive/folders/1SDpAnMiUpFUSpqRbdO9bh3pPJB3anKya,01 Regan Hillyer Raw Video
b-roll-04-dr-carly-letzt-b-roll,04 Dr. Carly Letzt — B-Roll,B-roll — 16 videos. From sHEALed. Featuring Dr. Carly Letzt.,b-roll,Unspecified,sHEALed,,,,,,,Dr. Carly Letzt,lolli-brands,,landscape,1,2,false,none,false,34,other,7,https://drive.google.com/drive/folders/1oreRDX941G--FicoLxVIlhIzyyvC7Dn_,04 Dr. Carly Letzt Raw Video
b-roll-03-dr-dana-mcgrady-b-roll,03 Dr. Dana McGrady — B-Roll,B-roll — 16 videos. From sHEALed. Featuring Dr. Dana McGrady.,b-roll,Unspecified,sHEALed,,,,,,,Dr. Dana McGrady,lolli-brands,,landscape,1,1,false,none,false,33,other,9,https://drive.google.com/drive/folders/1YeN6MyGLyVuZ7Tuu1mKtIDqvLWRxESzj,03 Dr. Dana McGrady Raw Video
bts-dr-doug-lucas-behind-the-scenes,Dr. Doug Lucas — Behind the Scenes,"Behind-the-scenes coverage — 12 images, 1 video. From sHEALed. Featuring Dr. Doug Lucas.",BTS,Unspecified,sHEALed,,,,,,,Dr. Doug Lucas,lolli-brands,,landscape,0.8,5,false,context,false,13,image,5,https://drive.google.com/drive/folders/16vNEr7NV0IjLlt8Iuc9y4KWyq8l7ho6z,Dr. Doug Lucas BTS
bts-dr-leslie-stone-behind-the-scenes,Dr. Leslie Stone — Behind the Scenes,"Behind-the-scenes coverage — 11 images, 1 video. From sHEALed. Featuring Dr. Leslie Stone.",BTS,Unspecified,sHEALed,,,,,,,Dr. Leslie Stone,lolli-brands,,landscape,0.8,5,false,context,false,12,image,5,https://drive.google.com/drive/folders/1Vw_mSgF-63ppnxpA7Nkp1d1E-mnvC2B9,Dr. Leslie Stone BTS
b-roll-02-andy-smith-b-roll,02 Andy Smith — B-Roll,B-roll — 14 videos. From sHEALed.,b-roll,Unspecified,sHEALed,,,,,,,,lolli-brands,,landscape,1,2,false,none,false,28,video,8,https://drive.google.com/drive/folders/1xOI5zABnTKs-LUt_Ntopi1r8lXRwrb4f,02 Andy Smith Raw Video
b-roll-04-heather-aardema-b-roll,04 Heather Aardema — B-Roll,B-roll — 19 videos. From sHEALed.,b-roll,Unspecified,sHEALed,,,,,,,,lolli-brands,,,0,0,false,none,false,38,video,9,https://drive.google.com/drive/folders/18aqorqHG57HoDUgeKuvOkPMWUgNMWiZY,04 Heather Aardema Raw Video
bts-dr-izabella-wentz-behind-the-scenes,Dr. Izabella Wentz — Behind the Scenes,"Behind-the-scenes coverage — 20 images, 2 videos. From sHEALed. Featuring Dr. Izabella Wentz.",BTS,Unspecified,sHEALed,,,,,,,Dr. Izabella Wentz,lolli-brands,,portrait,0.6,5,false,context,false,22,image,5,https://drive.google.com/drive/folders/1rxTMcxL0d8EbSofPajP-rs69gF_h8wWQ,Dr. Izabella Wentz BTS
b-roll-05-jane-hogan-b-roll,05 Jane Hogan — B-Roll,B-roll — 25 videos. From sHEALed.,b-roll,Unspecified,sHEALed,,,,,,,,lolli-brands,,landscape,1,2,false,none,false,50,video,9,https://drive.google.com/drive/folders/1DTmunTpKMBxs4uOX1olvVgEo3NUidcax,05 Jane Hogan Raw Video
b-roll-06-dr-lisa-koche-b-roll,06 Dr. Lisa Koche — B-Roll,B-roll — 22 videos. From sHEALed. Featuring Dr. Lisa Koche.,b-roll,Unspecified,sHEALed,,,,,,,Dr. Lisa Koche,lolli-brands,,,0,0,false,none,false,44,video,7,https://drive.google.com/drive/folders/1GLQTmKTSZgQrhb1_Ia5RXYJ3-fQtDoHw,06 Dr. Lisa Koche Raw Video
b-roll-02-mark-young-b-roll,02 Mark Young — B-Roll,B-roll — 17 videos. From sHEALed.,b-roll,Unspecified,sHEALed,,,,,,,,lolli-brands,,,0,0,false,none,false,34,video,9,https://drive.google.com/drive/folders/17x-I-4Ps-2bku5Ol5X4pOlX_RKKbDheP,02 Mark Young Raw Video
b-roll-06-stump-louden-petersen-b-roll,"06 Stump, Louden, Petersen — B-Roll",B-roll — 30 videos. From sHEALed.,b-roll,Unspecified,sHEALed,,,,,,,,lolli-brands,,,0,0,false,none,false,61,other,5,https://drive.google.com/drive/folders/1ktEa8M3OIVHCz4VjK64RNi3NueGOHlSW,"06 Stump, Louden, Petersen Raw Video"
bts-josh-bruni-behind-the-scenes,Josh Bruni — Behind the Scenes,"Behind-the-scenes coverage — 11 images, 1 video. From sHEALed.",BTS,Unspecified,sHEALed,,,,,,,,lolli-brands,,landscape,0.8,5,false,context,false,12,image,5,https://drive.google.com/drive/folders/1IClyzCdt3EgvEaGEfT2ejUr_RiAfKba1,Josh Bruni BTS
bts-dr-bryce-appelbaum-behind-the-scenes,Dr. Bryce Appelbaum — Behind the Scenes,"Behind-the-scenes coverage — 17 images, 1 video. From sHEALed. Featuring Dr. Bryce Appelbaum.",BTS,Unspecified,sHEALed,,,,,,,Dr. Bryce Appelbaum,lolli-brands,,landscape,0.8,5,false,context,false,18,image,5,https://drive.google.com/drive/folders/1LKSIDBaJB0AlxH81LqhofI9ppSaRDbQt,Dr. Bryce Appelbaum BTS
b-roll-04-ashley-koff-b-roll,04 Ashley Koff — B-Roll,B-roll — 29 videos. From sHEALed.,b-roll,Unspecified,sHEALed,,,,,,,,lolli-brands,,landscape,1,3,false,none,false,58,video,9,https://drive.google.com/drive/folders/1JJ0IP_AY0aBq3QWAgbE2RmsXtLixFVL-,04 Ashley Koff Raw Video
bts-dr-steve-moore-ryan-encinas-behind-the-scenes,Dr. Steve Moore & Ryan Encinas — Behind the Scenes,"Behind-the-scenes coverage — 20 images, 1 video. From sHEALed. Featuring Dr. Steve Moore, Ryan Encinas.",BTS,Unspecified,sHEALed,,,,,,,Dr. Steve Moore; Ryan Encinas,lolli-brands,,landscape,0.8,5,false,context,false,21,image,3,https://drive.google.com/drive/folders/1Wgw3bCgGPrhCuJ-p3OVIVLcYtGL_gJkB,Dr. Steve Moore & Ryan Encinas BTS
b-roll-sabrina-solt-b-roll,Sabrina Solt — B-Roll,B-roll — 9 videos. From sHEALed.,b-roll,Unspecified,sHEALed,,,,,,,,lolli-brands,,portrait,1,5,false,none,false,10,video,4,https://drive.google.com/drive/folders/1GDHf51rINdPpWPcXf2qOTLjUxP-0AJxv,1. Sabrina Solt
b-roll-darren-shwartz-b-roll,Darren Shwartz — B-Roll,B-roll — 15 videos. From sHEALed.,b-roll,Unspecified,sHEALed,,,,,,,,lolli-brands,,portrait,1,5,false,none,false,15,video,2,https://drive.google.com/drive/folders/1fqKTTk3caBc9cmF5P9RCtNmJvcdSxrpU,15. Darren Shwartz
b-roll-v-feghali-b-roll,V.Feghali — B-Roll,B-roll — 9 videos. From sHEALed.,b-roll,Unspecified,sHEALed,,,,,,,,lolli-brands,,portrait,1,5,false,none,false,10,video,3,https://drive.google.com/drive/folders/1RNvOwXzn0HxJS4hZt1XcFPPPu4Pzgavo,2. V.Feghali
b-roll-gary-brescia-sage-workinger-b-roll,Gary Brescia & Sage Workinger — B-Roll,B-roll — 10 videos. From sHEALed.,b-roll,Unspecified,sHEALed,,,,,,,,lolli-brands,,portrait,1,5,false,none,false,10,video,2,https://drive.google.com/drive/folders/1sRzfvnGUNJ4uID4B4a61ZiKpQAKczykQ,29. Gary Brescia & Sage Workinger
event-photography-catharine-arnston-event-photography,Catharine Arnston — Event Photography,Event photography — 11 images. From sHEALed.,event photography,Unspecified,sHEALed,,,,,,,,lolli-brands,,landscape,1,5,false,none,false,11,image,5,https://drive.google.com/drive/folders/1J677117f1QSSRISKIODAdBPq6xu3bXJb,Catharine Arnston
b-roll-dr-rajka-b-roll,Dr. Rajka — B-Roll,B-roll — 9 videos. From sHEALed. Featuring Dr. Rajka.,b-roll,Unspecified,sHEALed,,,,,,,Dr. Rajka,lolli-brands,,portrait,1,5,false,none,false,10,video,4,https://drive.google.com/drive/folders/1LsW89ytTFe76gqJLMDVmK9lDJ1z0Rq8u,4. Dr. Rajka
b-roll-02-dr-bhanote-b-roll,02 Dr. Bhanote — B-Roll,B-roll — 24 videos. From sHEALed. Featuring Dr. Bhanote.,b-roll,Unspecified,sHEALed,,,,,,,Dr. Bhanote,lolli-brands,,landscape,1,1,false,none,false,49,other,6,https://drive.google.com/drive/folders/1bWtyLNrbktq-RC5FpJxRbKjfU_PxlcfZ,02 Dr. Bhanote Raw Video
b-roll-03-cathy-goldstein-b-roll,03 Cathy Goldstein — B-Roll,B-roll — 31 videos. From sHEALed.,b-roll,Unspecified,sHEALed,,,,,,,,lolli-brands,,landscape,1,5,false,none,false,63,other,6,https://drive.google.com/drive/folders/1MRI8dDq1ZEjoyEQLZ9TQkJdISqMXyYMT,03 Cathy Goldstein Raw Video
interview-kids-interviews,Kids Interviews,Interview footage — 18 videos. From sHEALed.,interview,Interview,sHEALed,,,,,,,,lolli-brands,,landscape,1,5,true,named,false,18,video,2,https://drive.google.com/drive/folders/1yiz2sx3DkOViMfoFbIrCMhUDg41xgKRl,Kids Interviews
bts-dr-tyna-moore-behind-the-scenes,Dr. Tyna Moore — Behind the Scenes,"Behind-the-scenes coverage — 18 images, 1 video. From sHEALed. Featuring Dr. Tyna Moore.",BTS,Unspecified,sHEALed,,,,,,,Dr. Tyna Moore,lolli-brands,,landscape,0.8,5,false,context,false,19,image,6,https://drive.google.com/drive/folders/1wePwkAjT-ISucCepRPHyCE-9OnQ8hhRL,Dr. Tyna Moore BTS
bts-philipp-samor-von-holtzendorff-fehling-behind-the-scenes,Philipp Samor Von Holtzendorff-Fehling — Behind the Scenes,"Behind-the-scenes coverage — 9 images, 1 video. From sHEALed.",BTS,Unspecified,sHEALed,,,,,,,,lolli-brands,,landscape,0.8,5,false,context,false,10,image,4,https://drive.google.com/drive/folders/1U4GhnrDhG0icZyUIKvkDipwd4flb8saU,Philipp Samor Von Holtzendorff-Fehling BTS
b-roll-02-kelly-brogan-b-roll,02 Kelly Brogan — B-Roll,B-roll — 21 videos. From sHEALed.,b-roll,Unspecified,sHEALed,,,,,,,,lolli-brands,,landscape,1,2,false,none,false,42,video,6,https://drive.google.com/drive/folders/1Khgr4KjPwgLqQwfPTOcOcUbb6UkEu3dW,02 Kelly Brogan Raw Video
bts-delfina-correia-and-jeannie-marmol-behind-the-scenes,Delfina Correia and Jeannie Marmol — Behind the Scenes,"Behind-the-scenes coverage — 18 images, 2 videos. From sHEALed.",BTS,Unspecified,sHEALed,,,,,,,,lolli-brands,,portrait,0.6,5,false,context,false,20,image,2,https://drive.google.com/drive/folders/14RPQVn9Hxfa6DQQLhmbWV_IYszrZMeX6,Delfina Correia and Jeannie Marmol BTS
bts-dr-lisa-saff-koche-behind-the-scenes,Dr. Lisa Saff Koche — Behind the Scenes,"Behind-the-scenes coverage — 19 images, 2 videos. From sHEALed. Featuring Dr. Lisa Saff.",BTS,Unspecified,sHEALed,,,,,,,Dr. Lisa Saff,lolli-brands,,portrait,0.6,5,false,context,false,21,image,2,https://drive.google.com/drive/folders/17ONM0KwTvYQLLFIsAZIOXCGekKGZu6--,Dr. Lisa Saff Koche BTS
b-roll-deb-matthew-b-roll,Deb Matthew — B-Roll,B-roll — 10 videos. From sHEALed.,b-roll,Unspecified,sHEALed,,,,,,,,lolli-brands,,portrait,1,5,false,none,false,11,video,2,https://drive.google.com/drive/folders/1wTe0fnVjhsUVZeag4S-Hn5MrCzj_qmpc,13. Deb Matthew
b-roll-katehobbs-b-roll,KateHobbs — B-Roll,B-roll — 36 videos. From sHEALed.,b-roll,Unspecified,sHEALed,,,,,,,,lolli-brands,,portrait,1,5,false,none,false,36,video,1,https://drive.google.com/drive/folders/1xEbIHIsAXQeShLZEUElwXQQdTLguT7xA,3. KateHobbs
b-roll-06-kelly-mccann-b-roll,06 Kelly McCann — B-Roll,B-roll — 13 videos. From sHEALed.,b-roll,Unspecified,sHEALed,,,,,,,,lolli-brands,,landscape,1,2,false,none,false,26,video,5,https://drive.google.com/drive/folders/11iOrqDrwjaw_VuSYxUEn9yto9NUuCee0,06 Kelly McCann Raw Video
b-roll-nicholas-perricone-b-roll,Nicholas Perricone — B-Roll,"B-roll — 9 videos, 2 documents. From sHEALed.",b-roll,Unspecified,sHEALed,,,,,,,,lolli-brands,,portrait,1,5,false,none,false,11,video,1,https://drive.google.com/drive/folders/10HxbEAuYwo-g316Sdo2L81h54K_1hxoc,55. Nicholas Perricone
b-roll-go-shealed-yourself-b-roll,GO SHEALED YOURSELF — B-Roll,B-roll — 11 videos. From sHEALed.,b-roll,Unspecified,sHEALed,,,,,,,,lolli-brands,,landscape,1,5,false,none,false,11,video,1,https://drive.google.com/drive/folders/1I_y69UG7hjww9EQoYw4Av83qac-MSGdq,GO SHEALED YOURSELF
b-roll-phil-daru-ruck-100-dji-air-3-workout-december-2025,"Phil Daru Ruck 100 — DJI Air 3 — Workout, December 2025","B-roll — 50 videos. From Phil Daru Ruck 100 shot December 7, 2025. Featuring Phil Daru.",b-roll,Workout,,Phil Daru Ruck 100,,2025,2025-12-07,2025-12-08,,Phil Daru,lolli-brands,,landscape,1,5,false,none,false,50,video,1,https://drive.google.com/drive/folders/1zeyLBFBEy1jJ0WyoGnVnG98FrxRytWM6,DJI Air 3
b-roll-phil-daru-ruck-100-sony-fx30-workout-december-2025,"Phil Daru Ruck 100 — Sony Fx30 — Workout, December 2025","B-roll — 78 videos. From Phil Daru Ruck 100 shot December 7, 2025. Featuring Phil Daru.",b-roll,Workout,,Phil Daru Ruck 100,,2025,2025-12-07,2025-12-08,,Phil Daru,lolli-brands,,landscape,1,5,false,none,false,79,video,1,https://drive.google.com/drive/folders/1Y0ue3amQJiFvXvah_GVo47TIauKgKmEN,Sony Fx30
event-photography-cate-shanahan-event-photography,Cate Shanahan — Event Photography,"Event photography — 14 images, 1 video. From sHEALed.",event photography,Unspecified,sHEALed,,,,,,,,lolli-brands,,landscape,0.8,5,false,none,false,15,image,2,https://drive.google.com/drive/folders/1Io8XlmEeIr6aOanzRBm9cu_H_8O1Gl_7,Cate Shanahan
b-roll-05-dr-bosworth-b-roll,05 Dr. Bosworth — B-Roll,B-roll — 19 videos. From sHEALed. Featuring Dr. Bosworth.,b-roll,Unspecified,sHEALed,,,,,,,Dr. Bosworth,lolli-brands,,landscape,1,1,false,none,false,38,video,4,https://drive.google.com/drive/folders/1wmuVRFg9Wp7EBP6AP77LdsRbzwV7sjAk,05 Dr. Bosworth Raw Video
b-roll-04-dr-perricone-b-roll,04 Dr. Perricone — B-Roll,B-roll — 15 videos. From sHEALed. Featuring Dr. Perricone.,b-roll,Unspecified,sHEALed,,,,,,,Dr. Perricone,lolli-brands,,landscape,1,1,false,none,false,31,other,4,https://drive.google.com/drive/folders/1SfhmzaOgiqo9nHv3yYnRmG2gdtVGCpH0,04 Dr. Perricone Raw Video
event-photography-shealed-event-photography,sHEALed — Event Photography,"Event photography — 11 images, 1 video. From sHEALed.",event photography,Unspecified,sHEALed,,,,,,,,lolli-brands,,landscape,1,5,false,none,false,12,image,1,https://drive.google.com/drive/folders/1IcjRFP5VnXT2CbyOq44SVpT4i70z2ugX,Stone
b-roll-01-whitney-bowe-b-roll,01 Whitney Bowe — B-Roll,B-roll — 21 videos. From sHEALed.,b-roll,Unspecified,sHEALed,,,,,,,,lolli-brands,,landscape,1,1,false,none,false,43,other,4,https://drive.google.com/drive/folders/1ZxwztGi0rWZD79UpvpkSv2yQ7r46yt_i,01 Whitney Bowe Raw Video
event-photography-shealed-event-photography-1lulfx,sHEALed — Event Photography,"Event photography — 11 images, 1 video. From sHEALed.",event photography,Unspecified,sHEALed,,,,,,,,lolli-brands,,landscape,0.8,5,false,none,false,12,image,1,https://drive.google.com/drive/folders/1lUlFxtKlr9Gr465dloBRTRO9LSggrsVi,Moore
b-roll-05-betty-murray-b-roll,05 Betty Murray — B-Roll,B-roll — 16 videos. From sHEALed.,b-roll,Unspecified,sHEALed,,,,,,,,lolli-brands,,landscape,1,5,false,none,false,32,video,3,https://drive.google.com/drive/folders/1cSTNDQaoJgUsGJt9Cx8Zaf6UowoDrUzy,05 Betty Murray Raw Video
b-roll-04-j-j-virgin-b-roll,04 J.J. Virgin — B-Roll,B-roll — 27 videos. From sHEALed.,b-roll,Unspecified,sHEALed,,,,,,,,lolli-brands,,landscape,1,5,false,none,false,54,video,4,https://drive.google.com/drive/folders/1toT3YTFvUFUDXLqoIBom0Y6gPXe5-kAu,04 J.J. Virgin Raw Video
event-photography-cathy-golstein-event-photography,Cathy Golstein — Event Photography,"Event photography — 14 images, 1 video. From sHEALed.",event photography,Unspecified,sHEALed,,,,,,,,lolli-brands,,landscape,0.8,5,false,none,false,15,image,1,https://drive.google.com/drive/folders/1SqeSetUcJy-xL5rH6-mtJH1FvapcVYgI,Cathy Golstein
event-photography-03-elana-cardone-event-photography,03 Elana Cardone — Event Photography,"Event photography — 26 images, 23 videos. From sHEALed.",event photography,Unspecified,sHEALed,,,,,,,,lolli-brands,,landscape,1,5,false,none,false,72,image,4,https://drive.google.com/drive/folders/14NdJeDnEXhQ7Z62sy2o30arHpJxNYbkA,03 Elana Cardone Raw Video
event-photography-douglas-e-lucas-event-photography,Douglas E Lucas — Event Photography,"Event photography — 12 images, 1 video. From sHEALed.",event photography,Unspecified,sHEALed,,,,,,,,lolli-brands,,landscape,0.8,5,false,none,false,13,image,2,https://drive.google.com/drive/folders/1UfoLD9NOuczb-f7NAxOOVEy5_-4RxkTH,Douglas E Lucas
b-roll-07-marmol-correia-b-roll,"07 Marmol, Correia — B-Roll",B-roll — 29 videos. From sHEALed.,b-roll,Unspecified,sHEALed,,,,,,,,lolli-brands,,landscape,1,1,false,none,false,58,video,4,https://drive.google.com/drive/folders/10KwzRs0wO3m2TIYnOG9IPBpOu4TZUjHC,"07 Marmol, Correia Raw Video"
b-roll-shealed-b-roll,sHEALed — B-Roll,B-roll — 82 files. From sHEALed.,b-roll,Unspecified,sHEALed,,,,,,,,lolli-brands,,landscape,1,5,false,none,false,82,other,8,https://drive.google.com/drive/folders/18IjyaO0W6YrsvFXIMBdSjv8jJkntNmZY,Casts
b-roll-03-bryce-appelbaum-b-roll,03 Bryce Appelbaum — B-Roll,B-roll — 17 videos. From sHEALed.,b-roll,Unspecified,sHEALed,,,,,,,,lolli-brands,,,0,0,false,none,false,34,video,4,https://drive.google.com/drive/folders/1b6l4qsQPFWdK4sgLLEaO-5-iKuDwdGyR,03 Bryce Appelbaum Raw Video
b-roll-01-izabella-wentz-b-roll,01 Izabella Wentz — B-Roll,B-roll — 22 videos. From sHEALed.,b-roll,Unspecified,sHEALed,,,,,,,,lolli-brands,,,0,0,false,none,false,44,video,4,https://drive.google.com/drive/folders/1a0FRc3uyERxaMFWBKiHADPBa3DB90xau,01 Izabella Wentz Raw Video
b-roll-05-josh-bruni-aires-b-roll,05 Josh Bruni Aires — B-Roll,B-roll — 18 videos. From sHEALed.,b-roll,Unspecified,sHEALed,,,,,,,,lolli-brands,,,0,0,false,none,false,37,other,4,https://drive.google.com/drive/folders/1SdKDXEy_WG_Tt4yZJb08yEJDoSrqQjRb,05 Josh Bruni Aires Raw Video
magazine-biohack-yourself-red-logos-10-colors-png-issue-2-ma,Biohack Yourself + Red Logos + 10 Colors png — Issue #2 — Magazine,Magazine production files — 11 images. From Biohack Yourself. Featuring Gary Brecka.,magazine,Unspecified,Biohack Yourself,,,,,,,Gary Brecka,biohack-yourself,2,landscape,1,5,false,none,false,11,image,72,https://drive.google.com/drive/folders/1eCMHdO0W5eEtupQGChyORi_VEuTALPsx,1. Biohack Yourself + Red Logos + 10 Colors png
magazine-biohack-yourself-red-green-logos-10-colors-svg-issu,Biohack Yourself + Red & Green Logos + 10 Colors svg — Issue #2 — Magazine,Magazine production files — 11 vector files. From Biohack Yourself. Featuring Gary Brecka.,magazine,Unspecified,Biohack Yourself,,,,,,,Gary Brecka,biohack-yourself,2,,,0,false,none,false,11,vector,72,https://drive.google.com/drive/folders/1wR1mefjr1h2m-oztYQRVUeshEtNFWmKJ,2. Biohack Yourself + Red & Green Logos + 10 Colors svg
magazine-featured-in-biohack-yourself-red-logos-10-colors-pn,Featured in Biohack Yourself + Red Logos + 10 Colors png — Issue #2 — Magazine,Magazine production files — 9 images. From Biohack Yourself. Featuring Gary Brecka.,magazine,Unspecified,Biohack Yourself,,,,,,,Gary Brecka,biohack-yourself,2,,,0,false,none,false,9,image,72,https://drive.google.com/drive/folders/1SEwuA1QJTG5vR3Kb09OjDEwot4zc3phQ,1. Featured in Biohack Yourself + Red Logos + 10 Colors png
logo-biohack-yourself-green-logos-10-colors-svg,Biohack Yourself + Green Logos + 10 Colors svg,Logo and wordmark files — 12 images. From sHEALed.,logo,Unspecified,sHEALed,,,,,,,,biohack-yourself,,landscape,1,5,false,context,false,12,image,72,https://drive.google.com/drive/folders/1fWxW9jDUrRUuf_5tUpQs-jAZBnXuKNYk,3. Biohack Yourself + Green Logos + 10 Colors  svg
magazine-biohack-yourself-magazine-logos-issue-2,Biohack Yourself Magazine Logos — Issue #2,"Magazine production files — 5 images, 2 documents, 1 vector file. From Biohack Yourself. Featuring Gary Brecka.",magazine,Unspecified,Biohack Yourself,,,,,,,Gary Brecka,biohack-yourself,2,,,0,false,none,false,8,image,81,https://drive.google.com/drive/folders/1hMlO7s5YYz5Omu8CiuwZpdnmff8pNYF2,3. Biohack Yourself Magazine Logos
magazine-featured-in-biohack-yourself-green-logos-10-colors-,Featured in Biohack Yourself + Green Logos + 10 Colors png — Issue #2 — Magazine,Magazine production files — 10 images. From Biohack Yourself. Featuring Gary Brecka.,magazine,Unspecified,Biohack Yourself,,,,,,,Gary Brecka,biohack-yourself,2,landscape,1,5,false,none,false,10,image,72,https://drive.google.com/drive/folders/1U-5BAwEvsdGrn7f_dm0zJGrmJ0w-0daC,3. Featured in Biohack Yourself + Green Logos + 10 Colors png
magazine-biohack-yourself-red-green-red-green-logos-10-color,"Biohack Yourself + Red, Green, Red & Green Logos + 10 Colors JPEG — Issue #2 — Magazine",Magazine production files — 9 images. From Biohack Yourself. Featuring Gary Brecka.,magazine,Unspecified,Biohack Yourself,,,,,,,Gary Brecka,biohack-yourself,2,landscape,1,5,false,none,false,12,image,72,https://drive.google.com/drive/folders/1ulVDmNzt84PhyAOYuYt_BJAnVC9hsUTS,"4. Biohack Yourself + Red, Green, Red & Green Logos + 10 Colors JPEG"
event-photography-web-jpegs-premiere,Web Jpegs — Premiere,Event photography — 48 images. From sHEALed.,event photography,Premiere,sHEALed,,,,,,,,lolli-brands,,landscape,1,5,false,context,false,48,image,21,https://drive.google.com/drive/folders/1OF9u8iGep11FoI6dNUIytlUZWQ2i70KT,Web Jpegs
magazine-featured-in-biohack-yourself-red-green-logos-10-col,Featured in Biohack Yourself + Red & Green Logos + 10 Colors png — Issue #2 — Magazine,Magazine production files — 10 images. From Biohack Yourself. Featuring Gary Brecka.,magazine,Unspecified,Biohack Yourself,,,,,,,Gary Brecka,biohack-yourself,2,landscape,1,5,false,none,false,10,image,71,https://drive.google.com/drive/folders/1MCiQn8wUQ_UvDIWH9Zj_WRwiT5B1hOko,2. Featured in Biohack Yourself + Red & Green Logos + 10 Colors png
magazine-featured-in-biohack-yourself-red-logos-10-colors-sv,Featured in Biohack Yourself + Red Logos + 10 Colors svg — Issue #2 — Magazine,Magazine production files — 10 vector files. From Biohack Yourself. Featuring Gary Brecka.,magazine,Unspecified,Biohack Yourself,,,,,,,Gary Brecka,biohack-yourself,2,,,0,false,none,false,10,vector,71,https://drive.google.com/drive/folders/1y0u9QFm-e3zLPqxaW_jHhuY3Mcj0NmdY,1. Featured in Biohack Yourself + Red Logos + 10 Colors svg
magazine-featured-in-biohack-yourself-red-green-logos-10-col-1pvakj,Featured in Biohack Yourself + Red & Green Logos + 10 Colors svg — Issue #2 — Magazine,Magazine production files — 10 vector files. From Biohack Yourself. Featuring Gary Brecka.,magazine,Unspecified,Biohack Yourself,,,,,,,Gary Brecka,biohack-yourself,2,,,0,false,none,false,10,vector,71,https://drive.google.com/drive/folders/1PVakjbND6L9jnnx1TRp98R8C6QKqrDcq,2. Featured in Biohack Yourself + Red & Green Logos + 10 Colors svg
magazine-featured-in-biohack-yourself-green-logos-10-colors--1mna3w,Featured in Biohack Yourself + Green Logos + 10 Colors svg — Issue #2 — Magazine,Magazine production files — 10 vector files. From Biohack Yourself. Featuring Gary Brecka.,magazine,Unspecified,Biohack Yourself,,,,,,,Gary Brecka,biohack-yourself,2,,,0,false,none,false,10,vector,71,https://drive.google.com/drive/folders/1MnA3wqCsnntNIrg4rf3dUEqF8tJjO6Kb,3. Featured in Biohack Yourself + Green Logos + 10 Colors svg
b-roll-dr-jigar-b-roll,Dr. Jigar — B-Roll,"B-roll — 302 videos. Featuring Dr. Jigar Gandhi, Dr. Jigar.",b-roll,Unspecified,,,,,,,,Dr. Jigar Gandhi; Dr. Jigar,lolli-brands,,portrait,0.6,5,false,none,false,604,video,5,https://drive.google.com/drive/folders/1UilddWXb3_etn9PmYn5WZQOJ69MHhEzM,Dr. Jigar RAW Video
b-roll-america-dental-clinic-production-november-2024,"America Dental — Clinic production, November 2024","B-roll — 597 videos. From America Dental shot November 7, 2024.",b-roll,Clinic production,Bye Ol' Dentistry,America Dental,,2024,2024-11-07,2024-11-09,,,lolli-brands,,landscape,1,5,false,none,false,597,video,1,https://drive.google.com/drive/folders/1at3oJG_Ta-oCdScQ4pckiTgyY2T8eNyB,1. 11/07 - 11/09 '24 America Dental
b-roll-dr-yuriy-clinic-b-roll-january-2026,"Dr. Yuriy Clinic — B-Roll, January 2026","B-roll — 202 videos. From Bye Ol' Dentistry shot January 5, 2026. Featuring Dr. Yuriy May, Dr. Yuriy.",b-roll,Clinic production,Bye Ol' Dentistry,,,2026,2026-01-05,2026-01-06,,Dr. Yuriy May; Dr. Yuriy,lolli-brands,,landscape,1,5,false,none,false,202,video,1,https://drive.google.com/drive/folders/13MKeHHA1PayPABVkl5b7eFyGMdUaYsIO,01/05 - 01/06 2026 - Dr. Yuriy Clinic RAW Footage
magazine-aries-brain-scan-issue-2-magazine,Aries brain scan — Issue #2 — Magazine,"Magazine production files — 25 images, 2 videos. Featuring Gary Brecka.",magazine,Unspecified,,,,,,,,Gary Brecka,biohack-yourself,2,portrait,1,5,false,none,false,27,image,1,https://drive.google.com/drive/folders/1f_uJMjqmlbTq-PNCmGtdVovz-nCduhIt,Aries brain scan
magazine-15-results-tbi-issue-2-magazine,15_Results + TBI — Issue #2 — Magazine,Magazine production files — 15 videos. Featuring Gary Brecka.,magazine,Unspecified,,,,,,,,Gary Brecka,biohack-yourself,2,portrait,0.8,5,false,none,false,15,video,1,https://drive.google.com/drive/folders/1wFfTFuyIWENMm6FoNTjsFIUFqH1BLM68,15_Results + TBI
b-roll-costa-rica-july-clinic-production-june-2025,"Costa Rica July — Clinic production, June 2025","B-roll — 12 images, 34 videos. From Bye Ol' Dentistry shot June 30, 2025. Featuring TereZa Hakobyan-Lolli, Dr. Andres Costa.",b-roll,Clinic production,Bye Ol' Dentistry,,,2025,2025-06-30,2025-07-03,tereza,Dr. Andres Costa,lolli-brands,,landscape,0.6,5,false,context,false,46,video,1,https://drive.google.com/drive/folders/1OwDWGIO6dtJfTxebxY1R4_F3yWQdEQxG,Costa Rica July 2025
b-roll-dr-trivedi-clinic-production-b-roll-june-2026,"Dr. Trivedi Clinic Production — B-Roll, June 2026","B-roll — 59 videos. From Bye Ol' Dentistry shot June 19, 2026. Featuring Dr. Trivedi.",b-roll,Clinic production,Bye Ol' Dentistry,,,2026,2026-06-19,,,Dr. Trivedi,lolli-brands,,landscape,1,5,false,none,false,59,video,1,https://drive.google.com/drive/folders/1pZ318Mpr-jlr4X4P7bYf0T0qGB1q0y_z,23. 06/19/26 Dr. Trivedi Clinic Production
event-photography-high-res-jpegs-premiere,High Res Jpegs — Premiere,Event photography — 44 images. From sHEALed.,event photography,Premiere,sHEALed,,,,,,,,lolli-brands,,landscape,1,5,false,context,false,44,image,20,https://drive.google.com/drive/folders/1hgAhk61UcsbgYMp-zDxMmkoptLUIcvgw,High Res Jpegs
b-roll-supermouth-product-b-roll-b-roll,SuperMouth Product B Roll — B-Roll,"B-roll — 5 images, 6 videos. From Bye Ol' Dentistry. Featuring Dr. Kami Hoss.",b-roll,Unspecified,Bye Ol' Dentistry,,,,,,,Dr. Kami Hoss,lolli-brands,,landscape,1,5,false,none,false,11,video,1,https://drive.google.com/drive/folders/1PayBx42IiGFyvF1uFWCnt3ojU0FhgGpL,SuperMouth Product B Roll
b-roll-supermouth-lolli-family-broll-b-roll,SuperMouth Lolli Family Broll — B-Roll,B-roll — 39 videos. From Bye Ol' Dentistry. Featuring Dr. Kami Hoss.,b-roll,Unspecified,Bye Ol' Dentistry,,,,,,,Dr. Kami Hoss,lolli-brands,,landscape,1,5,true,named,false,39,video,1,https://drive.google.com/drive/folders/1pyhVpIZdRhmiznKZimTR1Y0dpKDM4PrY,SuperMouth Lolli Family Broll
event-photography-dr-jorge-escobar-clinic-event-photography,Dr Jorge Escobar Clinic — Event Photography,Event photography — 17 images. From Bye Ol' Dentistry. Featuring Dr. Jorge Escobar.,event photography,Clinic production,Bye Ol' Dentistry,,,,,,,Dr. Jorge Escobar,lolli-brands,,landscape,0.8,5,false,none,false,17,image,1,https://drive.google.com/drive/folders/1E40AIRLZdiK44sg0sCh97YMgUkY275j0,20. Dr Jorge Escobar Clinic Content
b-roll-signature-shot-clinic-production,Signature Shot — Clinic production,B-roll — 6 videos. From Bye Ol' Dentistry. Featuring Dr. Eva.,b-roll,Clinic production,Bye Ol' Dentistry,,,,,,,Dr. Eva,lolli-brands,,landscape,1,5,false,none,false,12,video,17,https://drive.google.com/drive/folders/1p8v5sdhasqkElzS3txPFoWlOpE9-U7lb,Signature Shot
b-roll-testimonials-b-roll,Testimonials — B-Roll,"B-roll — 8 videos, 2 audio files. From Bye Ol' Dentistry. Featuring Dr. Frank Shallenberger.",b-roll,Unspecified,Bye Ol' Dentistry,,,,,,,Dr. Frank Shallenberger,lolli-brands,,landscape,1,5,false,none,false,15,video,18,https://drive.google.com/drive/folders/1hVuX6l1S-zy9n7T2V65TNQUhtiOXrhcP,Testimonials
b-roll-soundbytes-b-roll,Soundbytes — B-Roll,"B-roll — 6 videos, 1 audio file. From Bye Ol' Dentistry. Featuring Dr. Yuriy May.",b-roll,Unspecified,Bye Ol' Dentistry,,,,,,,Dr. Yuriy May,lolli-brands,,landscape,1,5,false,none,false,12,video,17,https://drive.google.com/drive/folders/1tyAIuA55O0fI5syTckED7F0zbzN6GUyD,Soundbytes
b-roll-cannes-film-festival-dr-sanchin-karande-cannes-sheale,Cannes Film Festival — Dr. Sanchin Karande Cannes sHEALed Premiere — B-Roll,"B-roll — 41 videos. From Cannes Film Festival in Cannes. Featuring Dr. Sachin Karande, Dr. Sanchin Karande.",b-roll,Premiere,sHEALed,Cannes Film Festival,Cannes,,,,,Dr. Sachin Karande; Dr. Sanchin Karande,lolli-brands,,landscape,1,5,false,context,false,84,other,1,https://drive.google.com/drive/folders/1UjgtVrqat13n7ql2e94g9fK7WY7iUtht,29. Dr. Sanchin Karande Cannes sHEALed Premiere
b-roll-dr-richard-porceli-and-alina-porceli-testimonials-b-r,Dr. Richard Porceli and Alina Porceli Testimonials — B-Roll,"B-roll — 10 videos. From Bye Ol' Dentistry. Featuring Dr. Richard Porcelli, Dr. Richard Porceli.",b-roll,Unspecified,Bye Ol' Dentistry,,,,,,,Dr. Richard Porcelli; Dr. Richard Porceli,lolli-brands,,landscape,1,5,false,none,false,10,video,1,https://drive.google.com/drive/folders/1AfoMuiaTlrhBVG2tHubjj08K13BZ5p6E,Dr. Richard Porceli and Alina Porceli Testimonials
event-photography-dr-dome-germany-clinic-production-october-,"Dr. Dome Germany — Clinic production, October 2025","Event photography — 82 images. From Bye Ol' Dentistry in Germany shot October 13, 2025. Featuring Dr. Dome.",event photography,Clinic production,Bye Ol' Dentistry,,Germany,2025,2025-10-13,2025-10-15,,Dr. Dome,lolli-brands,,landscape,0.6,5,false,none,false,82,image,1,https://drive.google.com/drive/folders/1vgwRKOtXTZa4w9q6LeSizFvhz-mSqQbZ,10/13 - 10/15 '25 Dr. Dome Germany Edited Photos
b-roll-hack-your-health-legend-and-love-b-roll-november-2025,"Hack Your Health — Legend and Love — B-Roll, November 2025","B-roll — 23 videos, 10 audio files. From Hack Your Health shot November 13, 2025. Featuring Legend Lolli.",b-roll,Unspecified,,Hack Your Health,,2025,2025-11-13,2025-11-15,legend,,biohack-yourself,,portrait,1,5,true,named,false,33,video,1,https://drive.google.com/drive/folders/1u-0_qQjwMUR9rz638JToR3daCNerGusC,09. Legend and Love
b-roll-hack-your-health-love-and-legend-b-roll-november-2025,"Hack Your Health — Love and LEGEND — B-Roll, November 2025","B-roll — 5 images, 39 videos, 11 audio files. From Hack Your Health shot November 13, 2025. Featuring Love Lolli, Legend Lolli.",b-roll,Unspecified,,Hack Your Health,,2025,2025-11-13,2025-11-15,love; legend,,biohack-yourself,,portrait,0.8,5,true,named,false,55,video,2,https://drive.google.com/drive/folders/18bR5Nr_OwkDINNabNPApCMmeAzY7_4gN,09. Love and LEGEND
event-photography-maha-inaugural-ball-wt2-tereza-event-photo,"MAHA Inaugural Ball — WT2 TereZa — Event Photography, January 2025","Event photography — 103 images. From MAHA Inaugural Ball shot January 20, 2025. Featuring TereZa Hakobyan-Lolli.",event photography,Unspecified,,MAHA Inaugural Ball,,2025,2025-01-20,,tereza,,biohack-yourself,,landscape,1,5,true,named,false,106,image,1,https://drive.google.com/drive/folders/1LGl15_x9WELqoh-NtpSHS9yAspzw61c4,WT2 TereZa
b-roll-sunscreen-film-festival-opening-night-azore-b-roll-ap,"SunScreen Film Festival — Opening Night Azore — B-Roll, April 2024","B-roll — 42 videos. From SunScreen Film Festival shot April 24, 2024.",b-roll,Festival,The Guru,SunScreen Film Festival,,2024,2024-04-24,,,,lolli-brands,,landscape,1,5,false,context,false,43,video,1,https://drive.google.com/drive/folders/1Q_gnrp0UPVrMs30s0Xsul9VVOc1MHTVy,Opening Night Azore
document-experts-documents,Experts — Documents,Documents — 35 documents. From sHEALed.,document,Unspecified,sHEALed,,,,,,,,lolli-brands,,,,0,false,none,false,35,document,1,https://drive.google.com/drive/folders/1f_Lrt5_joYb6hT7NZGldWGHVUWsfsrCw,Experts
document-shealed-documents,sHEALed — Documents,Documents — 41 documents. From sHEALed.,document,Unspecified,sHEALed,,,,,,,,lolli-brands,,,,0,false,context,false,41,document,2,https://drive.google.com/drive/folders/11-uYDJT1FI3RB06BeVCGNc2m-c0IdFxR,PAID
bts-dr-nayan-payel-behind-the-scenes,Dr. Nayan Payel — Behind the Scenes,"Behind-the-scenes coverage — 11 images, 1 video. From sHEALed. Featuring Dr. Nayan Patel, Dr. Nayan Payel, Nayan Payel.",BTS,Unspecified,sHEALed,,,,,,,Dr. Nayan Patel; Dr. Nayan Payel; Nayan Payel,lolli-brands,,landscape,0.8,5,false,context,false,12,image,1,https://drive.google.com/drive/folders/1uBCGM5ITzrHZaG6BQhYt6Ws7KgmZCxDt,Dr. Nayan Payel BTS
b-roll-dr-uma-naidoo-b-roll-1wqebf,Dr. Uma Naidoo — B-Roll,B-roll — 10 videos. From sHEALed. Featuring Dr. Uma Naidoo.,b-roll,Unspecified,sHEALed,,,,,,,Dr. Uma Naidoo,lolli-brands,,portrait,1,5,false,context,false,10,video,1,https://drive.google.com/drive/folders/1wQebfxSZmmm6CDb0HICVxxefXkTW3rqG,Dr. Uma Naidoo shorts
b-roll-kelly-leveque-b-roll,Kelly LeVeque — B-Roll,B-roll — 10 videos. From sHEALed.,b-roll,Unspecified,sHEALed,,,,,,,,lolli-brands,,portrait,1,5,false,context,false,10,video,1,https://drive.google.com/drive/folders/1wTV5KXaTpcRG2XIfC_4QRAwH9x3uQ_Og,Kelly LeVeque Shorts
b-roll-emily-fletcher-b-roll,Emily Fletcher — B-Roll,B-roll — 10 videos. From sHEALed.,b-roll,Unspecified,sHEALed,,,,,,,,lolli-brands,,portrait,1,5,false,context,false,10,video,1,https://drive.google.com/drive/folders/1wb8iQJ64YwLsBWTwPOLYjqk7G-cfQey8,Emily Fletcher Shorts
b-roll-lisa-nichols-b-roll,Lisa Nichols — B-Roll,B-roll — 10 videos. From sHEALed.,b-roll,Unspecified,sHEALed,,,,,,,,lolli-brands,,portrait,1,5,false,context,false,10,video,1,https://drive.google.com/drive/folders/1x4iyt8zhdIKaDO2mK7UxuiE_0tS-HIhT,Lisa Nichols Shorts
b-roll-cynthia-thurlow-b-roll,Cynthia Thurlow — B-Roll,B-roll — 10 videos. From sHEALed.,b-roll,Unspecified,sHEALed,,,,,,,,lolli-brands,,portrait,1,5,false,context,false,10,video,1,https://drive.google.com/drive/folders/1xEhs15IR5gMrLHCX2uzX9DOoWOLubtaE,Cynthia Thurlow Shorts
b-roll-gary-brecka-sage-workinger-brecka-b-roll,Gary Brecka & Sage Workinger-Brecka — B-Roll,B-roll — 10 videos. From sHEALed. Featuring Gary Brecka.,b-roll,Unspecified,sHEALed,,,,,,,Gary Brecka,lolli-brands,,portrait,1,5,false,context,false,10,video,1,https://drive.google.com/drive/folders/1xT0n0zHhXEp7vsS-oHoj44HdJOXLWDhy,Gary Brecka & Sage Workinger-Brecka Shorts
bts-jay-campbell-hunter-williams-and-josh-felber-behind-the-,"Jay Campbell, Hunter Williams, and Josh Felber — Behind the Scenes","Behind-the-scenes coverage — 14 images, 1 video. From sHEALed.",BTS,Unspecified,sHEALed,,,,,,,,lolli-brands,,portrait,0.6,5,false,context,false,15,image,1,https://drive.google.com/drive/folders/1qg7CwkyndrRButFWEhDQIE-S53rze40A,"Jay Campbell, Hunter Williams, and Josh Felber BTS"
bts-shannon-louden-timmy-stump-and-dr-melissa-grill-petersen,"Shannon Louden, Timmy Stump, and Dr. Melissa Grill-Petersen — Behind the Scenes","Behind-the-scenes coverage — 19 images, 1 video. From sHEALed. Featuring Dr. Melissa Grill-Petersen.",BTS,Unspecified,sHEALed,,,,,,,Dr. Melissa Grill-Petersen,lolli-brands,,landscape,0.8,5,false,context,false,20,image,1,https://drive.google.com/drive/folders/1FM97RoOMuISavHKDy8J15Lyn9xsqon7e,"Shannon Louden, Timmy Stump, and Dr. Melissa Grill-Petersen BTS"
b-roll-justin-hai-b-roll-1urpnt,Justin Hai — B-Roll,B-roll — 10 videos. From sHEALed. Featuring Justin Hai.,b-roll,Unspecified,sHEALed,,,,,,,Justin Hai,lolli-brands,,portrait,1,5,false,context,false,10,video,1,https://drive.google.com/drive/folders/1urpNTrZUf93S6lqgR-giaWm5cg2Nov3m,Justin Hai Shorts
b-roll-go-shealed-yourself-soundbites-b-roll,Go sHEALed Yourself Soundbites — B-Roll,B-roll — 72 videos. From sHEALed.,b-roll,Unspecified,sHEALed,,,,,,,,lolli-brands,,portrait,1,5,false,none,false,74,video,1,https://drive.google.com/drive/folders/1WsdBVIhvS4FjOiitQAkEcUShD3zbiOrX,Go sHEALed Yourself Soundbites
b-roll-acam-1-b-roll,ACam 1 — B-Roll,B-roll — 39 videos. From sHEALed. Featuring Dr. Sabrina Solt.,b-roll,Unspecified,sHEALed,,,,,,,Dr. Sabrina Solt,lolli-brands,,landscape,1,5,false,none,false,78,video,42,https://drive.google.com/drive/folders/16xuGzrgscj17sjAWC7wiYX-fa_qg4dX8,ACam 1
b-roll-shealed-b-roll-1xnj9d,sHEALed — B-Roll,B-roll — 38 videos. From sHEALed.,b-roll,Unspecified,sHEALed,,,,,,,,lolli-brands,,landscape,1,1,false,none,false,78,other,37,https://drive.google.com/drive/folders/1XnJ9DixPgg_vnlecri2Etmh-X8WLq9zu,BCam
b-roll-a4m-red-carpet-camera01-premiere-december-2024,"A4M Red Carpet — Camera01 — Premiere, December 2024","B-roll — 24 videos. From A4M Red Carpet shot December 15, 2024.",b-roll,Premiere,Biohack Yourself,A4M Red Carpet,,2024,2024-12-15,,,,biohack-yourself,,square,1,5,false,context,false,24,video,3,https://drive.google.com/drive/folders/1JGjEzucCYFuGH3TYxwf4XIrzAA0JIgA7,Camera01
b-roll-del-tree-1-b-roll,Del Tree 1 — B-Roll,B-roll — 18 videos. From sHEALed.,b-roll,Unspecified,sHEALed,,,,,,,,lolli-brands,,landscape,1,5,false,none,false,36,video,5,https://drive.google.com/drive/folders/1IcsZyDPyObMWssqSqA40ISVxh6C4w1jP,Del Tree 1
event-photography-george-shapiro-event-photography,George Shapiro — Event Photography,Event photography — 10 images. From sHEALed.,event photography,Unspecified,sHEALed,,,,,,,,lolli-brands,,landscape,1,5,false,none,false,10,image,2,https://drive.google.com/drive/folders/19TXD8TdfxqqhqbzmPtXpEh24wi9FbL7R,George Shapiro Edited Photos
event-photography-austin-lakes-event-photography,Austin Lakes — Event Photography,Event photography — 11 images. From sHEALed in Austin.,event photography,Unspecified,sHEALed,,Austin,,,,,,lolli-brands,,landscape,1,5,false,none,false,11,image,2,https://drive.google.com/drive/folders/11salTNOw_stzDuCJKzULOLF2DOhl2Cmp,Austin Lakes
b-roll-05-biolongevity-labs-b-roll,05 Biolongevity Labs — B-Roll,B-roll — 18 videos. From sHEALed.,b-roll,Unspecified,sHEALed,,,,,,,,lolli-brands,,,0,0,false,none,false,36,video,3,https://drive.google.com/drive/folders/1P1i1wG66S-SW43gfdDR-PM07kcR6x0Ho,05 Biolongevity Labs Raw Video
event-photography-blueworx-event-photography,BLUEWORX — Event Photography,Event photography — 13 images. From sHEALed.,event photography,Unspecified,sHEALed,,,,,,,,lolli-brands,,landscape,1,5,false,none,false,13,image,2,https://drive.google.com/drive/folders/1AJch6Metv7YfqpgYNt2785UVksIIJJV-,BLUEWORX
event-photography-dr-robert-whitfield-has-to-leave-by-2pm-ev,Dr. Robert Whitfield - has to leave by 2pm — Event Photography,Event photography — 18 images. From sHEALed. Featuring Dr. Robert Whitfield.,event photography,Unspecified,sHEALed,,,,,,,Dr. Robert Whitfield,lolli-brands,,landscape,1,5,false,none,false,18,image,1,https://drive.google.com/drive/folders/173ZfbbXXz8g0PqUP1d7o6lp0XgYDIuHf,Dr. Robert Whitfield - has to leave by 2pm
b-roll-america-dental-clinic-production-november-2024-1ktzry,"America Dental — Clinic production, November 2024","B-roll — 61 videos. From America Dental shot November 7, 2024.",b-roll,Clinic production,Bye Ol' Dentistry,America Dental,,2024,2024-11-07,2024-11-09,,,lolli-brands,,landscape,1,5,false,none,false,61,video,1,https://drive.google.com/drive/folders/1KTzryMbkrWWFUt045z2_5iEfkCZtofxz,Card1 lexar
b-roll-hack-your-health-charles-mayfield-interview-november-,"Hack Your Health — Charles Mayfield — Interview, November 2025","B-roll — 6 videos. From Hack Your Health shot November 13, 2025.",b-roll,Interview,,Hack Your Health,,2025,2025-11-13,2025-11-15,,,biohack-yourself,,,0,0,false,none,false,12,video,1,https://drive.google.com/drive/folders/1ebCONDGuVvMWeGTjJy-QlmNQ5lnXPk-i,06. Charles Mayfield
event-photography-hack-your-health-leela-quantum-tech-event-,"Hack Your Health — Leela Quantum Tech — Event Photography, November 2025","Event photography — 44 images, 16 videos. From Hack Your Health shot November 13, 2025.",event photography,Unspecified,,Hack Your Health,,2025,2025-11-13,2025-11-15,,,biohack-yourself,,portrait,1,5,false,none,false,78,image,2,https://drive.google.com/drive/folders/1LpLCflBG-4BaJExL6W5JPkRBO3YgasaJ,05. Leela Quantum Tech
b-roll-hack-your-health-avacen-medical-b-roll-november-2025,"Hack Your Health — Avacen Medical — B-Roll, November 2025","B-roll — 10 videos. From Hack Your Health shot November 13, 2025.",b-roll,Unspecified,,Hack Your Health,,2025,2025-11-13,2025-11-15,,,biohack-yourself,,,0,0,false,none,false,20,video,1,https://drive.google.com/drive/folders/1VKrMGoPNIiUo8fd_Mrn7NMg6LnZMgZgo,01. Avacen Medical
event-photography-hack-your-health-alive-innovations-event-p,"Hack Your Health — Alive Innovations — Event Photography, November 2025","Event photography — 45 images, 8 videos. From Hack Your Health shot November 13, 2025.",event photography,Unspecified,,Hack Your Health,,2025,2025-11-13,2025-11-15,,,biohack-yourself,,landscape,0.6,5,false,none,false,62,image,6,https://drive.google.com/drive/folders/1hjTe5t6DrtP2wEQGjwZ5ShyqWyfJ3NOn,01. Alive Innovations
b-roll-hack-your-health-lauren-knight-hughes-saltr-b-roll-no,"Hack Your Health — Lauren Knight Hughes Saltr — B-Roll, November 2025","B-roll — 6 videos. From Hack Your Health shot November 13, 2025.",b-roll,Unspecified,,Hack Your Health,,2025,2025-11-13,2025-11-15,,,biohack-yourself,,landscape,1,5,false,none,false,12,video,1,https://drive.google.com/drive/folders/1GvK4wYYSzAgFvs9O-YYXbNCF4ljKS0G7,06. Lauren Knight Hughes Saltr
b-roll-hack-your-health-carnivore-snax-b-roll-november-2025,"Hack Your Health — Carnivore Snax — B-Roll, November 2025","B-roll — 6 videos. From Hack Your Health shot November 13, 2025.",b-roll,Unspecified,,Hack Your Health,,2025,2025-11-13,2025-11-15,,,biohack-yourself,,landscape,1,5,false,none,false,12,video,1,https://drive.google.com/drive/folders/1FQqKvXrOmhaoTu_F5S1wPFKhhoGPPJQr,03. Carnivore Snax
event-photography-hack-your-health-braintap-event-photograph,"Hack Your Health — BrainTap — Event Photography, November 2025","Event photography — 16 images, 7 videos. From Hack Your Health shot November 13, 2025.",event photography,Unspecified,,Hack Your Health,,2025,2025-11-13,2025-11-15,,,biohack-yourself,,landscape,1,5,false,none,false,32,image,2,https://drive.google.com/drive/folders/1vehWP5Prj_AVJDD26kcukpvh_JywMpPB,03. BrainTap
event-photography-hack-your-health-energybits-event-photogra,"Hack Your Health — EnergyBits — Event Photography, November 2025","Event photography — 69 images, 22 videos. From Hack Your Health shot November 13, 2025.",event photography,Unspecified,,Hack Your Health,,2025,2025-11-13,2025-11-15,,,biohack-yourself,,portrait,0.8,5,false,none,false,114,image,2,https://drive.google.com/drive/folders/1LUJVc96dVRhlAwknzHqO6jhLvja5WCem,01. EnergyBits
event-photography-hack-your-health-genova-connect-event-phot,"Hack Your Health — Genova Connect — Event Photography, November 2025","Event photography — 16 images, 4 videos. From Hack Your Health shot November 13, 2025.",event photography,Unspecified,,Hack Your Health,,2025,2025-11-13,2025-11-15,,,biohack-yourself,,portrait,0.6,5,false,none,false,25,image,2,https://drive.google.com/drive/folders/1n_7U1sPkIn749F0AMHSqVY3Qmos44vG9,02. Genova Connect
event-photography-hack-your-health-farrow-event-photography-,"Hack Your Health — Farrow — Event Photography, November 2025","Event photography — 49 images, 10 videos. From Hack Your Health shot November 13, 2025.",event photography,Unspecified,,Hack Your Health,,2025,2025-11-13,2025-11-15,,,biohack-yourself,,portrait,0.6,5,false,none,false,70,image,2,https://drive.google.com/drive/folders/1jRMpvTvRQdGzhy-Dbok26isUlh33hMbn,01. Farrow
event-photography-hack-your-health-tummo-studios-event-photo,"Hack Your Health — Tummo Studios — Event Photography, November 2025","Event photography — 36 images, 6 videos. From Hack Your Health shot November 13, 2025.",event photography,Unspecified,,Hack Your Health,,2025,2025-11-13,2025-11-15,,,biohack-yourself,,landscape,1,5,false,none,false,49,image,2,https://drive.google.com/drive/folders/1w7ScezRKRSuy1xUFQbSpzq6iy0rmRUJC,03. Tummo Studios
event-photography-hack-your-health-mind-gym-event-photograph,"Hack Your Health — Mind Gym — Event Photography, November 2025","Event photography — 21 images, 6 videos. From Hack Your Health shot November 13, 2025.",event photography,Unspecified,,Hack Your Health,,2025,2025-11-13,2025-11-15,,,biohack-yourself,,landscape,0.8,5,false,none,false,34,image,2,https://drive.google.com/drive/folders/1QjzTp0F50ckoIkMPhXXqDug8XNwfehiP,04. Mind Gym
b-roll-hack-your-health-kevin-harrington-interview-november-,"Hack Your Health — Kevin Harrington — Interview, November 2025","B-roll — 4 images, 9 videos. From Hack Your Health shot November 13, 2025.",b-roll,Interview,,Hack Your Health,,2025,2025-11-13,2025-11-15,,,biohack-yourself,,landscape,0.8,5,false,none,false,21,video,1,https://drive.google.com/drive/folders/1fSWBkX6qM_9JG5LK_vrWwgLtPc4sXfaA,18. Kevin Harrington
b-roll-hack-your-health-code-health-interview-november-2025,"Hack Your Health — Code Health — Interview, November 2025","B-roll — 13 images, 20 videos. From Hack Your Health shot November 13, 2025.",b-roll,Interview,,Hack Your Health,,2025,2025-11-13,2025-11-15,,,biohack-yourself,,landscape,0.6,5,false,none,false,50,video,1,https://drive.google.com/drive/folders/1jaqvMenKHCYIYHOaC1RnWKHNpjko9XbP,11. Code Health
event-photography-hack-your-health-ryan-actor-interview-nove,"Hack Your Health — Ryan Actor — Interview, November 2025","Event photography — 5 images, 3 videos. From Hack Your Health shot November 13, 2025.",event photography,Interview,,Hack Your Health,,2025,2025-11-13,2025-11-15,,,biohack-yourself,,landscape,1,5,false,none,false,11,image,1,https://drive.google.com/drive/folders/1RHRbYeDyfCFdSrM1Hn02ZIaa_--CFGeG,42. Ryan Actor
event-photography-hack-your-health-lolli-s-and-laurent-inter,"Hack Your Health — Lolli's and Laurent — Interview, November 2025","Event photography — 5 images, 3 videos, 1 audio file. From Hack Your Health shot November 13, 2025.",event photography,Interview,,Hack Your Health,,2025,2025-11-13,2025-11-15,,,biohack-yourself,,landscape,1,5,false,context,false,12,image,1,https://drive.google.com/drive/folders/1ocCbiqTDtmtdZStzWy7YktCi_Hfj91PX,57. Lolli's and Laurent
b-roll-hack-your-health-avacen-b-roll-november-2025,"Hack Your Health — Avacen — B-Roll, November 2025","B-roll — 6 videos. From Hack Your Health shot November 13, 2025.",b-roll,Unspecified,,Hack Your Health,,2025,2025-11-13,2025-11-15,,,biohack-yourself,,landscape,1,5,false,none,false,12,video,1,https://drive.google.com/drive/folders/1tyOyvocKle8s8WimONgSq2BwmeQ2sCc_,Avacen
press-hack-your-health-express-system-reset-experience-novem,"Hack Your Health — Express System Reset Experience, November 2025","Press material — 22 videos. From Hack Your Health shot November 13, 2025.",press,Unspecified,,Hack Your Health,,2025,2025-11-13,2025-11-15,,,biohack-yourself,,landscape,0.6,5,false,none,false,41,video,1,https://drive.google.com/drive/folders/1-tcSY6oLh3mRC_lHazTVCu-MYyZhdiLI,Express System Reset Experience
event-photography-hack-your-health-zero-gravity-event-photog,"Hack Your Health — Zero Gravity — Event Photography, November 2025","Event photography — 22 images, 14 videos. From Hack Your Health shot November 13, 2025.",event photography,Unspecified,,Hack Your Health,,2025,2025-11-13,2025-11-15,,,biohack-yourself,,portrait,1,5,false,none,false,51,image,2,https://drive.google.com/drive/folders/1eRjwBawoSNOdsI4csyli4ViE06SwErEO,06. Zero Gravity
event-photography-hack-your-health-myoxcience-event-photogra,"Hack Your Health — Myoxcience — Event Photography, November 2025","Event photography — 39 images, 9 videos. From Hack Your Health shot November 13, 2025.",event photography,Unspecified,,Hack Your Health,,2025,2025-11-13,2025-11-15,,,biohack-yourself,,portrait,1,5,false,none,false,58,image,1,https://drive.google.com/drive/folders/1cwUWY8mH3cKAH53yagfjFKfXpgvYYfCC,02. Myoxcience
event-photography-hack-your-health-jay-campbell-biologenvity,"Hack Your Health — Jay Campbell, Biologenvity Labs, jaycampbell1971 (Sophie) Audio error, RESHOOT — Interview, November 2025","Event photography — 40 images, 6 videos. From Hack Your Health shot November 13, 2025.",event photography,Interview,,Hack Your Health,,2025,2025-11-13,2025-11-15,,,biohack-yourself,,landscape,1,5,false,none,false,53,image,1,https://drive.google.com/drive/folders/1paei87Lw5ZSPuMrvG34sTE45x9D_4qBu,"02. Jay Campbell, Biologenvity Labs, jaycampbell1971 (Sophie) Audio error, RESHOOT"
event-photography-hack-your-health-dr-aimie-hornaman-fixxr-s,"Hack Your Health — Dr. Aimie Hornaman, FIXXR Supplements, @dramiehornaman (Sophie) - Audio error, RESHOOT — Interview, November 2025","Event photography — 16 images, 12 videos. From Hack Your Health shot November 13, 2025. Featuring Dr. Aimie Hornaman.",event photography,Interview,,Hack Your Health,,2025,2025-11-13,2025-11-15,,Dr. Aimie Hornaman,biohack-yourself,,landscape,0.6,5,false,none,false,41,image,1,https://drive.google.com/drive/folders/1Xdtmg1C5MGDWvefdvpMtv9iNp2yu0bbB,"01. Dr. Aimie Hornaman, FIXXR Supplements, @dramiehornaman (Sophie) - Audio error, RESHOOT"
b-roll-hack-your-health-dr-marlene-siegel-interview-november,"Hack Your Health — Dr. Marlene Siegel — Interview, November 2025","B-roll — 1 image, 7 videos. From Hack Your Health shot November 13, 2025. Featuring Dr. Marlene Siegel.",b-roll,Interview,,Hack Your Health,,2025,2025-11-13,2025-11-15,,Dr. Marlene Siegel,biohack-yourself,,mixed,0.5,4,false,none,false,12,video,1,https://drive.google.com/drive/folders/171LKP47HpdPKPW27E7dqfEno40zxiKU4,07. Dr. Marlene Siegel
b-roll-hack-your-health-vision-body-interview-november-2025,"Hack Your Health — Vision Body — Interview, November 2025","B-roll — 11 videos. From Hack Your Health shot November 13, 2025.",b-roll,Interview,,Hack Your Health,,2025,2025-11-13,2025-11-15,,,biohack-yourself,,portrait,1,1,false,none,false,11,video,1,https://drive.google.com/drive/folders/1PUVUn9zsQJI0Sqwq09vN9kl0NKQ0B13J,05. Vision Body
b-roll-hack-your-health-shelby-iphone-b-roll-november-2025,"Hack Your Health — shelby iphone — B-Roll, November 2025","B-roll — 2 images, 48 videos. From Hack Your Health shot November 13, 2025.",b-roll,Unspecified,,Hack Your Health,,2025,2025-11-13,2025-11-15,,,biohack-yourself,,portrait,1,5,false,none,false,50,video,1,https://drive.google.com/drive/folders/1vtENhpNk8ZVH7MZEbDopmksGET3mxD9b,shelby iphone
b-roll-hack-your-health-dream-walkerz-interview-november-202,"Hack Your Health — Dream Walkerz — Interview, November 2025","B-roll — 19 videos. From Hack Your Health shot November 13, 2025.",b-roll,Interview,,Hack Your Health,,2025,2025-11-13,2025-11-15,,,biohack-yourself,,landscape,1,4,false,none,false,38,video,1,https://drive.google.com/drive/folders/1ql0dqaRQXf0EKDHukIr6ZJ_4wTW7LbGw,02. Dream Walkerz
b-roll-hack-your-health-jenny-mitich-interview-november-2025,"Hack Your Health — Jenny Mitich — Interview, November 2025","B-roll — 21 videos. From Hack Your Health shot November 13, 2025.",b-roll,Interview,,Hack Your Health,,2025,2025-11-13,2025-11-15,,,biohack-yourself,,portrait,1,4,false,none,false,21,video,1,https://drive.google.com/drive/folders/1mPb2c6svmznsWZBzpvwjE0Bc_l5aLSbM,01. Jenny Mitich
b-roll-hack-your-health-sophie-iphone-b-roll-november-2025,"Hack Your Health — Sophie iphone — B-Roll, November 2025","B-roll — 1 image, 77 videos. From Hack Your Health shot November 13, 2025.",b-roll,Unspecified,,Hack Your Health,,2025,2025-11-13,2025-11-15,,,biohack-yourself,,portrait,1,5,false,none,false,78,video,1,https://drive.google.com/drive/folders/1Vo51c1jPXNyXs3KVCeZp79tIPA7mLPcH,Sophie iphone
document-expert-documents,EXPERT — Documents,Documents — 35 documents. From sHEALed.,document,Unspecified,sHEALed,,,,,,,,lolli-brands,,,,0,false,context,false,35,document,1,https://drive.google.com/drive/folders/1D3ilkR8FbX6_04jVsvFUO2FA-GpJbLIX,EXPERT
document-doc-only-experts-soundbites-documents,Doc Only - 'experts' soundbites — Documents,Documents — 35 documents. From sHEALed.,document,Unspecified,sHEALed,,,,,,,,lolli-brands,,,,0,false,context,false,35,document,1,https://drive.google.com/drive/folders/1-e0NM9yg3ANh77QawftyJU_F3RZ16R4G,Doc Only - 'experts' soundbites
document-doc-only-paid-documents,Doc Only - Paid — Documents,Documents — 38 documents. From sHEALed.,document,Unspecified,sHEALed,,,,,,,,lolli-brands,,,,0,false,context,false,38,document,1,https://drive.google.com/drive/folders/1aeDD9h_QmPMgFZ9zu8apqjboO6yw17kR,Doc Only - Paid
document-transcripts-stringouts-documents,Transcripts_Stringouts — Documents,Documents — 77 documents. From sHEALed.,document,Unspecified,sHEALed,,,,,,,,lolli-brands,,,,0,false,context,false,77,document,1,https://drive.google.com/drive/folders/16BRGfvIMHZIxoIFgT3NdWAkwApKfbsly,1. Transcripts_Stringouts
logo-shealed-logos,Shealed Logos,"Logo and wordmark files — 15 images, 8 vector files. From sHEALed.",logo,Unspecified,sHEALed,,,,,,,,lolli-brands,,landscape,0.8,5,false,context,false,23,image,67,https://drive.google.com/drive/folders/1idB7b6suiQusoPUHRMTiGSCqSaM3HTXl,Shealed Logos
logo-featured-in-shealed-documentary-logo-logos,Featured in sHEALed Documentary Logo — Logos,"Logo and wordmark files — 9 images. From sHEALed. Featuring Dr. Steve Moore, Ryan Encinas.",logo,Unspecified,sHEALed,,,,,,,Dr. Steve Moore; Ryan Encinas,lolli-brands,,,,0,false,context,false,9,image,1,https://drive.google.com/drive/folders/1vVVhjkVdlOL2-3Z1wlppWnc_iNx_Rmrk,Featured in sHEALed Documentary Logo
b-roll-08-leslie-stone-b-roll,08 Leslie Stone — B-Roll,B-roll — 15 videos. From sHEALed.,b-roll,Unspecified,sHEALed,,,,,,,,lolli-brands,,landscape,1,3,false,none,false,31,other,3,https://drive.google.com/drive/folders/1sdO_LSTbUJQ38_eIQ09nsO0jLF4X2-GL,08 Leslie Stone Raw Video
b-roll-03-dr-douglas-e-lucas-b-roll,03 Dr. Douglas E Lucas — B-Roll,B-roll — 19 videos. From sHEALed. Featuring Dr. Douglas.,b-roll,Unspecified,sHEALed,,,,,,,Dr. Douglas,lolli-brands,,,0,0,false,none,false,38,video,2,https://drive.google.com/drive/folders/1nSgfSNGkcmRRg-KCcGwLv4jMggrFeYJi,03 Dr. Douglas E Lucas Raw Video
event-photography-nayan-patel-event-photography,Nayan Patel — Event Photography,Event photography — 11 images. From sHEALed.,event photography,Unspecified,sHEALed,,,,,,,,lolli-brands,,landscape,1,5,false,none,false,11,image,3,https://drive.google.com/drive/folders/16V0MMHLQXABgzh77ugPjeXdW78kXXVES,Nayan Patel
event-photography-gary-brecka-sage-workinger-event-photograp,Gary Brecka+Sage Workinger — Event Photography,Event photography — 15 images. From sHEALed. Featuring Gary Brecka.,event photography,Unspecified,sHEALed,,,,,,,Gary Brecka,lolli-brands,,landscape,1,5,false,none,false,15,image,3,https://drive.google.com/drive/folders/1hziyTCeJ5fkPy5FCB85hya3ao5Af9sAH,Gary Brecka+Sage Workinger
b-roll-01-austin-lake-b-roll,01 Austin Lake — B-Roll,B-roll — 15 videos. From sHEALed in Austin.,b-roll,Unspecified,sHEALed,,Austin,,,,,,lolli-brands,,,0,0,false,none,false,30,video,2,https://drive.google.com/drive/folders/1kqr-xjYo4cC4vbB4SytJ8la2FwTSyCSv,01 Austin Lake Raw Video
b-roll-02-philip-samor-b-roll,02 Philip Samor — B-Roll,B-roll — 11 videos. From sHEALed.,b-roll,Unspecified,sHEALed,,,,,,,,lolli-brands,,,0,0,false,none,false,22,video,2,https://drive.google.com/drive/folders/1Pu5ufU2KCLMVUl5Ry9QMxOJsaWyqr4oJ,02 Philip Samor Raw Video
b-roll-maha-inaugural-ball-categories-b-roll-january-2025,"MAHA Inaugural Ball — Categories — B-Roll, January 2025","B-roll — 54 videos. From MAHA Inaugural Ball shot January 20, 2025.",b-roll,Unspecified,,MAHA Inaugural Ball,,2025,2025-01-20,,,,biohack-yourself,,landscape,1,5,false,none,false,111,other,1,https://drive.google.com/drive/folders/1Jjz2KRka9jisA8AeWi0x3ObPt7D6ObxV,Categories
b-roll-maha-inaugural-ball-ballroom-b-roll-january-2025,"MAHA Inaugural Ball — Ballroom — B-Roll, January 2025","B-roll — 114 videos. From MAHA Inaugural Ball shot January 20, 2025.",b-roll,Unspecified,,MAHA Inaugural Ball,,2025,2025-01-20,,,,biohack-yourself,,landscape,1,5,false,none,false,230,other,1,https://drive.google.com/drive/folders/1sFb6tlszDm6RO8zHbjl-nhgc-8i4wLtf,Ballroom
b-roll-maha-inaugural-ball-pre-function-room-b-roll-january-,"MAHA Inaugural Ball — Pre-function Room — B-Roll, January 2025","B-roll — 179 videos. From MAHA Inaugural Ball shot January 20, 2025.",b-roll,Unspecified,,MAHA Inaugural Ball,,2025,2025-01-20,,,,biohack-yourself,,landscape,1,5,false,none,false,358,video,1,https://drive.google.com/drive/folders/19KWF7xM_LJeldERy35ZWO6OsMPEeZVsG,Pre-function Room
event-photography-sunscreen-film-festival-event-photography-,"SunScreen Film Festival — Event Photography, April 2024","Event photography — 23 images. From SunScreen Film Festival shot April 24, 2024.",event photography,Festival,The Guru,SunScreen Film Festival,,2024,2024-04-24,,,,lolli-brands,,landscape,1,5,false,context,false,23,image,3,https://drive.google.com/drive/folders/1feQ6_wGjR48v3YexZqhoK87uB9gFuCL-,THMBL
logo-biohack-yourself-red-logo-10-colors-png-logos,Biohack Yourself + Red Logo 10 Colors PNG — Logos,Logo and wordmark files — 11 images. From sHEALed. Featuring Dr. Sabrina Solt.,logo,Unspecified,sHEALed,,,,,,,Dr. Sabrina Solt,biohack-yourself,,landscape,1,5,false,context,false,11,image,10,https://drive.google.com/drive/folders/1nZTdTsLkpMjQ8kVaxmwZJjlwe4Fnlnio,1. Biohack Yourself + Red Logo 10 Colors PNG
logo-biohack-yourself-red-logo-10-colors-svg-logos,Biohack Yourself + Red Logo 10 Colors SVG — Logos,Logo and wordmark files — 11 vector files. From sHEALed. Featuring Dr. Sabrina Solt.,logo,Unspecified,sHEALed,,,,,,,Dr. Sabrina Solt,biohack-yourself,,,,0,false,context,false,11,vector,10,https://drive.google.com/drive/folders/1mnUAfg6bQnCddKimd-B8FgWMCNp4yb_2,1. Biohack Yourself + Red Logo 10 Colors SVG
logo-biohack-yourself-red-and-green-logo-10-colors-png-logos,Biohack Yourself + Red and Green Logo 10 Colors PNG — Logos,Logo and wordmark files — 11 images. From sHEALed. Featuring Dr. Sabrina Solt.,logo,Unspecified,sHEALed,,,,,,,Dr. Sabrina Solt,biohack-yourself,,landscape,1,5,false,context,false,11,image,10,https://drive.google.com/drive/folders/14rCBzQ1ItVLIOg336BWiH_fnVRQRRoPG,2. Biohack Yourself + Red and Green Logo 10 Colors PNG
logo-biohack-yourself-green-logo-10-colors-png-logos,Biohack Yourself + Green Logo 10 Colors PNG — Logos,Logo and wordmark files — 24 images. From sHEALed. Featuring Dr. Martin Bales.,logo,Unspecified,sHEALed,,,,,,,Dr. Martin Bales,biohack-yourself,,landscape,1,5,false,context,false,24,image,9,https://drive.google.com/drive/folders/1Vfs4SyCpCsrWivqwwJA5QMtUpoUd78gd,3. Biohack Yourself + Green Logo 10 Colors PNG
event-photography-biohack-yourself-red-green-red-and-green-j,"Biohack Yourself + Red, Green, Red and Green.JPEG — Event Photography",Event photography — 9 images. From sHEALed. Featuring Dr. Sabrina Solt.,event photography,Unspecified,sHEALed,,,,,,,Dr. Sabrina Solt,biohack-yourself,,landscape,1,5,false,context,false,12,image,10,https://drive.google.com/drive/folders/1TdeiOKTXsoHOlCg9zsI-mP1afixhmk3P,"4. Biohack Yourself + Red, Green, Red and Green.JPEG"
logo-biohack-yourself-red-and-green-logo-10-colors-svg-logos,Biohack Yourself + Red and Green Logo 10 Colors SVG — Logos,Logo and wordmark files — 11 vector files. From sHEALed. Featuring Dr. Sabrina Solt.,logo,Unspecified,sHEALed,,,,,,,Dr. Sabrina Solt,biohack-yourself,,,,0,false,context,false,11,vector,10,https://drive.google.com/drive/folders/1TDYnaBAhNEVEZMF4I_ViwOe7o-HBFT2W,2. Biohack Yourself + Red and Green Logo 10 Colors SVG
logo-biohack-yourself-green-logo-10-colors-svg-logos,Biohack Yourself + Green Logo 10 Colors SVG — Logos,Logo and wordmark files — 12 images. From sHEALed.,logo,Unspecified,sHEALed,,,,,,,,biohack-yourself,,landscape,1,5,false,context,false,12,image,10,https://drive.google.com/drive/folders/1VvMIVPduSErPjhiAM5guKKAZEVIZvTZI,3 .Biohack Yourself + Green Logo 10 Colors SVG
logo-featured-in-biohack-yourself-red-logo-10-colors-svg-log,Featured in Biohack Yourself + Red Logo 10 Colors SVG — Logos,Logo and wordmark files — 10 vector files. From sHEALed. Featuring Dr. Sabrina Solt.,logo,Unspecified,sHEALed,,,,,,,Dr. Sabrina Solt,biohack-yourself,,,,0,false,context,false,10,vector,10,https://drive.google.com/drive/folders/192RFQ0zFmYdn0LzOyi78EF1tFJGR8jyT,1. Featured in Biohack Yourself + Red Logo 10 Colors SVG
logo-featured-in-biohack-yourself-red-logo-10-colors-png-log,Featured in Biohack Yourself + Red Logo 10 Colors PNG — Logos,Logo and wordmark files — 9 images. From sHEALed. Featuring Dr. Sabrina Solt.,logo,Unspecified,sHEALed,,,,,,,Dr. Sabrina Solt,biohack-yourself,,,,0,false,context,false,9,image,10,https://drive.google.com/drive/folders/106iNdTAL5fg92ZLP5r5t0RkymsATOtTG,1. Featured in Biohack Yourself + Red Logo 10 Colors PNG
logo-featured-in-biohack-yourself-red-and-green-logo-10-colo,Featured in Biohack Yourself + Red and Green Logo 10 Colors PNG — Logos,Logo and wordmark files — 10 images. From sHEALed. Featuring Dr. Sabrina Solt.,logo,Unspecified,sHEALed,,,,,,,Dr. Sabrina Solt,biohack-yourself,,landscape,1,5,false,context,false,10,image,10,https://drive.google.com/drive/folders/1BuS9lCU_jHS06ctcPQw8yLrMbNM2q8sF,2. Featured in Biohack Yourself + Red and Green Logo 10 Colors PNG
logo-featured-in-biohack-yourself-red-and-green-logo-10-colo-1jvhax,Featured in Biohack Yourself + Red and Green Logo 10 Colors SVG — Logos,Logo and wordmark files — 10 vector files. From sHEALed. Featuring Dr. Sabrina Solt.,logo,Unspecified,sHEALed,,,,,,,Dr. Sabrina Solt,biohack-yourself,,,,0,false,context,false,10,vector,10,https://drive.google.com/drive/folders/1JvHAx8UWWko6dYfYx4UqoBkKmYWigI0u,2. Featured in Biohack Yourself + Red and Green Logo 10 Colors SVG
logo-featured-in-biohack-yourself-green-logo-10-colors-png-l,Featured in Biohack Yourself + Green Logo 10 Colors PNG — Logos,Logo and wordmark files — 10 images. From sHEALed. Featuring Dr. Sabrina Solt.,logo,Unspecified,sHEALed,,,,,,,Dr. Sabrina Solt,biohack-yourself,,landscape,1,5,false,context,false,10,image,10,https://drive.google.com/drive/folders/1BnjIkOAIfXogqOal9XOGS_OC_NSH8Z3w,3. Featured in Biohack Yourself + Green Logo 10 Colors PNG
logo-featured-in-biohack-yourself-green-logo-10-colors-svg-l,Featured in Biohack Yourself + Green Logo 10 Colors SVG — Logos,Logo and wordmark files — 10 vector files. From sHEALed. Featuring Dr. Sabrina Solt.,logo,Unspecified,sHEALed,,,,,,,Dr. Sabrina Solt,biohack-yourself,,,,0,false,context,false,10,vector,10,https://drive.google.com/drive/folders/1-IuwKy9SiDfvNru0pyq7iTSsmbVD0X9p,3. Featured in Biohack Yourself + Green Logo 10 Colors SVG
logo-shealed-documentary-logos,sHEALed Documentary Logos,"Logo and wordmark files — 10 images, 8 vector files. From sHEALed. Featuring Dr. Sabrina Solt.",logo,Unspecified,sHEALed,,,,,,,Dr. Sabrina Solt,lolli-brands,,square,1,5,false,context,false,18,image,1,https://drive.google.com/drive/folders/1czI7sjZUhSjJN3MXSOx46cFjiajaLwSp,sHEALed Documentary Logos
logo-biohack-yourself-red-green-logos-10-colors-png,Biohack Yourself + Red & Green Logos + 10 Colors png,Logo and wordmark files — 11 images. From sHEALed. Featuring Dr. Labib Ghulmiyyah.,logo,Unspecified,sHEALed,,,,,,,Dr. Labib Ghulmiyyah,biohack-yourself,,landscape,1,5,false,context,false,11,image,66,https://drive.google.com/drive/folders/1pZigKvXem3vkwuchQa-GUlROIamSv9pW,2. Biohack Yourself + Red & Green Logos + 10 Colors png
logo-biohack-yourself-red-logos-10-colors-svg,Biohack Yourself + Red Logos + 10 Colors svg,Logo and wordmark files — 11 vector files. From sHEALed. Featuring Dr. Labib Ghulmiyyah.,logo,Unspecified,sHEALed,,,,,,,Dr. Labib Ghulmiyyah,biohack-yourself,,,,0,false,context,false,11,vector,66,https://drive.google.com/drive/folders/1QkmLYq7aTqKZY76TxHKKCInDS44jf-Ir,1. Biohack Yourself + Red Logos + 10 Colors svg
logo-biohack-yourself-green-logos-10-colors-png,Biohack Yourself + Green Logos + 10 Colors png,Logo and wordmark files — 12 images. From sHEALed. Featuring Dr. Labib Ghulmiyyah.,logo,Unspecified,sHEALed,,,,,,,Dr. Labib Ghulmiyyah,biohack-yourself,,landscape,1,5,false,context,false,12,image,66,https://drive.google.com/drive/folders/1aMdtB42GjxrkabGsVD-FrJnO0PkScj1P,3. Biohack Yourself + Green Logos + 10 Colors png
magazine-biohack-yourself-magazine-logo,Biohack Yourself Magazine Logo,"Magazine production files — 5 images, 2 documents, 1 vector file. From sHEALed. Featuring Valerie Feghali.",magazine,Unspecified,sHEALed,,,,,,,Valerie Feghali,biohack-yourself,,,,0,false,context,false,8,image,1,https://drive.google.com/drive/folders/19HYvjirMy-t4n9xdXPaWy-UiNPgzjWBT,Biohack Yourself Magazine Logo
event-photography-shealed-documentary-event-photography,Shealed Documentary — Event Photography,"Event photography — 10 images, 8 vector files. From sHEALed. Featuring Valerie Feghali.",event photography,Unspecified,sHEALed,,,,,,,Valerie Feghali,lolli-brands,,square,1,5,false,context,false,18,image,8,https://drive.google.com/drive/folders/1IR2_dHLgq7j1pFOFkqpI8ZN7ZvqLzZ1G,Shealed Documentary
event-photography-cannes-film-festival-confirmed-attendee-ev,Cannes Film Festival — Confirmed Attendee — Event Photography,Event photography — 230 images. From Cannes Film Festival in Cannes.,event photography,Festival,sHEALed,Cannes Film Festival,Cannes,,,,,,lolli-brands,,square,1,5,false,context,false,457,image,1,https://drive.google.com/drive/folders/15O4cjI47qAOdCm1m8nmi8UZWPkKBkLlk,Confirmed Attendee
magazine-vegas-1-9-magazine-las-vegas,"Vegas (1-9) — Magazine, Las Vegas",Magazine production files — 51 videos. From sHEALed in Las Vegas.,magazine,Unspecified,sHEALed,,Las Vegas,,,,,,biohack-yourself,,landscape,1,5,false,none,false,103,other,2,https://drive.google.com/drive/folders/1l5hN5AxkltYuQyibjYUdB54-gZzQCP-g,Vegas (1-9)
b-roll-05-dr-shanahan-b-roll,05 Dr. Shanahan — B-Roll,B-roll — 15 videos. From sHEALed. Featuring Dr. Shanahan.,b-roll,Unspecified,sHEALed,,,,,,,Dr. Shanahan,lolli-brands,,landscape,1,1,false,none,false,30,video,1,https://drive.google.com/drive/folders/1_ghC_szhQ7LPwBHWWkJn9MuJ_MUJtPTC,05 Dr. Shanahan Raw Video
b-roll-09-dr-barattiero-b-roll,09 Dr. Barattiero — B-Roll,"B-roll — 22 videos. From sHEALed. Featuring Dr. Paul Barattiero, Dr. Barattiero.",b-roll,Unspecified,sHEALed,,,,,,,Dr. Paul Barattiero; Dr. Barattiero,lolli-brands,,landscape,1,4,false,none,false,44,video,1,https://drive.google.com/drive/folders/1PkEpjd4N1M9B-QiRaAOxcckAgJX_xgx-,09 Dr. Barattiero Raw Video
interview-07-jj-interview-interviews,07 JJ Interview — Interviews,Interview footage — 15 videos. From sHEALed.,interview,Interview,sHEALed,,,,,,,,lolli-brands,,,0,0,false,none,false,30,video,1,https://drive.google.com/drive/folders/1j-yTzqXbo4OGgktJXa8I49XR_39D900E,07 JJ Interview Raw Video
b-roll-06-blue-worx-b-roll,06 Blue Worx — B-Roll,B-roll — 122 videos. From sHEALed.,b-roll,Unspecified,sHEALed,,,,,,,,lolli-brands,,,0,0,false,none,false,244,video,1,https://drive.google.com/drive/folders/1G02Lmtf-SnfDDlanTS3-sowu_96RaNzL,06 Blue Worx Raw Video
b-roll-01-testimonial-sign-b-roll,01 Testimonial & Sign — B-Roll,B-roll — 9 videos. From sHEALed.,b-roll,Unspecified,sHEALed,,,,,,,,lolli-brands,,landscape,1,1,false,none,false,18,video,11,https://drive.google.com/drive/folders/1hzixYBG2QTl1EI0yqj6PqItWr-Xu9jho,01 Testimonial & Sign
b-roll-bryan-johnson-b-roll,Bryan Johnson — B-Roll,B-roll — 90 videos. Featuring Bryan Johnson.,b-roll,Unspecified,,,,,,,,Bryan Johnson,lolli-brands,,landscape,1,5,false,none,false,90,video,1,https://drive.google.com/drive/folders/1wCBGh0RfwJhYWrXP48wyHOWPG_4vbumV,Bryan Johnson RAW BTS Videos
event-photography-anthony-lolli-headshot-and-bio-event-photo,Anthony Lolli Headshot and Bio — Event Photography,Event photography — 5 images. Featuring Anthony Lolli.,event photography,Unspecified,,,,,,,anthony,,lolli-brands,,,,0,false,context,false,5,image,1,https://drive.google.com/drive/folders/1VbKZCQrnC9px23RqETYDWTc-bpS0hWM0,Anthony Lolli Headshot and Bio
event-photography-tereza-hakobyan-lolli-headshot-and-bio-eve,TereZa Hakobyan-Lolli Headshot and Bio — Event Photography,Event photography — 7 images. Featuring TereZa Hakobyan-Lolli.,event photography,Unspecified,,,,,,,tereza,,lolli-brands,,,,0,false,context,false,7,image,1,https://drive.google.com/drive/folders/1Mzhq1aiZ1eR8CJaFdfNJGpob2S5ehA_s,TereZa Hakobyan-Lolli Headshot and Bio
event-photography-love-legend-headshots-and-bios-event-photo,Love & Legend Headshots and Bios — Event Photography,"Event photography — 8 images, 1 document. Featuring Love Lolli, Legend Lolli.",event photography,Unspecified,,,,,,,love; legend,,lolli-brands,,portrait,1,5,true,named,false,10,image,1,https://drive.google.com/drive/folders/1OU4UBaUC8_wBhlwlloCJXRXTqCQ12N2t,Love & Legend Headshots and Bios
event-photography-lolli-brands-logos-event-photography,Lolli Brands Logos — Event Photography,Event photography — 5 images.,event photography,Unspecified,,,,,,,,,lolli-brands,,,,0,false,context,false,5,image,1,https://drive.google.com/drive/folders/1SDGYtWIWmQoFnuNjWbtJvhGsNsCJOB6C,Lolli Brands Logos
event-photography-biohack-event-photography,Biohack — Event Photography,Event photography — 26 images.,event photography,Unspecified,,,,,,,,,biohack-yourself,,square,1,5,false,none,false,45,image,1,https://drive.google.com/drive/folders/1mQB16Me3wkyS_QC9tajcEK_0I5y7_S8e,Biohack
b-roll-america-s-future-mara-lago-b-roll-december-2025,"America's Future Mara Lago — B-Roll, December 2025","B-roll — 131 videos. Shot December 16, 2025.",b-roll,Unspecified,,,,2025,2025-12-16,,,,lolli-brands,,landscape,1,5,false,none,false,133,video,1,https://drive.google.com/drive/folders/1ZVUmHCi39p-KhGBcpbnnMJob2iwiwfix,25. 12/16/2025 - America's Future Mara Lago RAW Footage
event-photography-family-event-photography,Family — Event Photography,Event photography — 10 images. Featuring TereZa Hakobyan-Lolli.,event photography,Unspecified,,,,,,,tereza,,lolli-brands,,landscape,0.8,5,true,named,false,10,image,1,https://drive.google.com/drive/folders/1xNMZ2iACV0kL5K80a_Uhg1P_kB4iWJlN,Family Photos
b-roll-overall-technial-lolli-brands-b-roll,Overall Technial Lolli Brands — B-Roll,B-roll — 48 videos.,b-roll,Unspecified,,,,,,,,,lolli-brands,,portrait,1,5,false,context,false,48,video,1,https://drive.google.com/drive/folders/1Vg6zefPl0DPwFdvH_zYNIQ2Xt7SQ0Mhy,Overall Technial Lolli Brands BTS Shorts
event-photography-biohack-yourself-documentary-covers-horizo,Biohack Yourself Documentary Covers Horizontal — Event Photography,Event photography — 5 images. From Biohack Yourself.,event photography,Unspecified,Biohack Yourself,,,,,,,,biohack-yourself,,,,0,false,none,false,5,image,1,https://drive.google.com/drive/folders/1OMjseJjijOG0-LHHGQP4FuEwMFNnVlrP,Biohack Yourself Documentary Covers Horizontal
event-photography-biohack-yourself-documentary-covers-vertic,Biohack Yourself Documentary Covers Vertical — Event Photography,Event photography — 5 images. From Biohack Yourself.,event photography,Unspecified,Biohack Yourself,,,,,,,,biohack-yourself,,,,0,false,none,false,5,image,1,https://drive.google.com/drive/folders/1ld3Zven2R6fq8MLLoBtZdKuu5IikqFM6,Biohack Yourself Documentary Covers Vertical
event-photography-featured-in-biohack-yourself-event-photogr,Featured in Biohack Yourself + — Event Photography,Event photography — 10 images. From Biohack Yourself.,event photography,Unspecified,Biohack Yourself,,,,,,,,biohack-yourself,,landscape,1,5,false,none,false,10,image,1,https://drive.google.com/drive/folders/1ZtJ-vGg5dS9o_KhWQlqaZbyRzPWVIdO2,Featured in Biohack Yourself +
event-photography-featured-in-biohack-yourself-documentary-e,Featured in Biohack Yourself Documentary — Event Photography,"Event photography — 9 images, 1 vector file. From Biohack Yourself.",event photography,Unspecified,Biohack Yourself,,,,,,,,biohack-yourself,,landscape,1,5,false,none,false,10,image,1,https://drive.google.com/drive/folders/1rYNy96vxoKI0gF9xZ-HOfMp9-R9BN2r_,Featured in Biohack Yourself Documentary